TransactionDate,Right_StationName,PassengerCount,DayType,DateOfWeek,DayNumberOfMonth,MonthPeriod,MonthNumberOfYear,CalendarQuater,Interest_Agriculture,Interest_Books,Interest_Business,Interest_Education,Interest_Family,Interest_Fasion,Interest_Foods,Interest_General,Interest_Health,Interest_IT,Interest_Residence,Interest_Seminar,Interest_Sports,Interest_Travel,Interest_Vehnicle,EventsGroup_Agriculture,EventsGroup_Books,EventsGroup_Business,EventsGroup_Education,EventsGroup_Family,EventsGroup_Fasion,EventsGroup_Foods,EventsGroup_General,EventsGroup_Health,EventsGroup_IT,EventsGroup_Residence,EventsGroup_Seminar,EventsGroup_Sports,EventsGroup_Travel,EventsGroup_Vehnicle,Interest_Total,Events_Total
2017-01-01,Queen Sirikit National Convention Centre,98,WE,Sunday,1,Early,1,1,0,0,0,0,0,0,0,0,0,0,0,0,0,0,0,0,0,0,0,0,0,0,0,0,0,0,0,0,0,0,0,0
2017-01-02,Queen Sirikit National Convention Centre,154,PH,Monday,2,Early,1,1,0,0,0,0,0,0,0,0,0,0,0,0,0,0,0,0,0,0,0,0,0,0,0,0,0,0,0,0,0,0,0,0
2017-01-03,Queen Sirikit National Convention Centre,306,PH,Tuesday,3,Early,1,1,0,0,0,0,0,0,0,0,0,0,0,0,0,0,0,0,0,0,0,0,0,0,0,0,0,0,0,0,0,0,0,0
2017-01-04,Queen Sirikit National Convention Centre,1224,WD,Wednesday,4,Early,1,1,0,0,0,0,0,0,0,0,0,0,0,0,0,0,0,0,0,0,0,0,0,0,0,0,0,0,0,0,0,0,0,0
2017-01-05,Queen Sirikit National Convention Centre,1260,WD,Thursday,5,Early,1,1,0,0,0,0,0,0,0,0,0,0,0,0,0,0,0,0,0,0,0,0,0,0,0,0,0,0,0,0,0,0,0,0
2017-01-06,Queen Sirikit National Convention Centre,1213,WD,Friday,6,Mid,1,1,0,0,0,0,0,0,0,0,0,0,0,0,0,0,0,0,0,0,0,0,0,0,0,0,0,0,0,0,0,0,0,0
2017-01-07,Queen Sirikit National Convention Centre,329,WE,Saturday,7,Mid,1,1,0,0,0,0,0,0,0,0,0,0,0,0,0,0,0,0,0,0,0,0,0,0,0,0,0,0,0,0,0,0,0,0
2017-01-08,Queen Sirikit National Convention Centre,198,WE,Sunday,8,Mid,1,1,0,0,0,2241,0,0,0,0,0,0,0,0,0,0,0,0,0,0,1,0,0,0,0,0,0,0,0,0,0,0,2241,1
2017-01-09,Queen Sirikit National Convention Centre,1330,WD,Monday,9,Mid,1,1,0,0,0,0,0,0,0,0,0,0,0,0,0,0,0,0,0,0,0,0,0,0,0,0,0,0,0,0,0,0,0,0
2017-01-10,Queen Sirikit National Convention Centre,1323,WD,Tuesday,10,Mid,1,1,0,0,0,0,0,0,0,0,0,0,0,0,0,0,0,0,0,0,0,0,0,0,0,0,0,0,0,0,0,0,0,0
2017-01-11,Queen Sirikit National Convention Centre,1324,WD,Wednesday,11,Mid,1,1,0,0,0,0,0,0,0,0,0,0,0,0,0,0,0,0,0,0,0,0,0,0,0,0,0,0,0,0,0,0,0,0
2017-01-12,Queen Sirikit National Convention Centre,1148,WD,Thursday,12,Mid,1,1,0,0,0,0,0,0,0,0,0,0,0,0,0,0,0,0,0,0,0,0,0,0,0,0,0,0,0,0,0,0,0,0
2017-01-13,Queen Sirikit National Convention Centre,1296,WD,Friday,13,Mid,1,1,0,0,0,0,0,0,0,0,0,0,0,0,0,0,0,0,0,0,0,0,0,0,0,0,0,0,0,0,0,0,0,0
2017-01-14,Queen Sirikit National Convention Centre,342,WE,Saturday,14,Mid,1,1,0,0,0,0,0,0,0,0,0,0,0,0,0,0,0,0,0,0,0,0,0,0,0,0,0,0,0,0,0,0,0,0
2017-01-15,Queen Sirikit National Convention Centre,257,WE,Sunday,15,Mid,1,1,0,0,0,0,0,0,0,0,0,0,0,0,0,0,0,0,0,0,0,0,0,0,0,0,0,0,0,0,0,0,0,0
2017-01-16,Queen Sirikit National Convention Centre,1229,WD,Monday,16,Mid,1,1,0,0,0,0,0,0,0,0,0,0,0,0,0,0,0,0,0,0,0,0,0,0,0,0,0,0,0,0,0,0,0,0
2017-01-17,Queen Sirikit National Convention Centre,1296,WD,Tuesday,17,Mid,1,1,0,0,0,0,0,0,0,0,0,0,0,0,0,0,0,0,0,0,0,0,0,0,0,0,0,0,0,0,0,0,0,0
2017-01-18,Queen Sirikit National Convention Centre,1336,WD,Wednesday,18,Mid,1,1,0,0,0,0,0,0,0,0,0,0,0,0,0,0,0,0,0,0,0,0,0,0,0,0,0,0,0,0,0,0,0,0
2017-01-19,Queen Sirikit National Convention Centre,1320,WD,Thursday,19,Mid,1,1,0,0,0,0,0,0,0,0,0,0,0,1565,0,0,0,0,0,0,0,0,0,0,0,0,0,0,1,0,0,0,1565,1
2017-01-20,Queen Sirikit National Convention Centre,1246,WD,Friday,20,Mid,1,1,0,0,0,0,0,0,0,0,0,0,0,1565,0,0,0,0,0,0,0,0,0,0,0,0,0,0,1,0,0,0,1565,1
2017-01-21,Queen Sirikit National Convention Centre,430,WE,Saturday,21,Mid,1,1,0,0,0,1229,0,0,0,0,0,0,0,0,0,0,0,0,0,0,1,0,0,0,0,0,0,0,0,0,0,0,1229,1
2017-01-22,Queen Sirikit National Convention Centre,268,WE,Sunday,22,Mid,1,1,0,0,0,1229,0,0,0,0,0,0,0,0,0,0,0,0,0,0,1,0,0,0,0,0,0,0,0,0,0,0,1229,1
2017-01-23,Queen Sirikit National Convention Centre,1293,WD,Monday,23,Mid,1,1,0,0,0,0,0,0,0,0,0,0,0,0,0,0,0,0,0,0,0,0,0,0,0,0,0,0,0,0,0,0,0,0
2017-01-24,Queen Sirikit National Convention Centre,1361,WD,Tuesday,24,Mid,1,1,0,0,0,0,0,0,0,0,0,0,0,1685,0,0,0,0,0,0,0,0,0,0,0,0,0,0,1,0,0,0,1685,1
2017-01-25,Queen Sirikit National Convention Centre,1383,WD,Wednesday,25,Late,1,1,0,0,0,0,0,0,0,0,0,0,0,1685,0,0,0,0,0,0,0,0,0,0,0,0,0,0,1,0,0,0,1685,1
2017-01-26,Queen Sirikit National Convention Centre,1343,WD,Thursday,26,Late,1,1,0,0,0,0,0,0,0,0,0,0,0,1685,0,0,0,0,0,0,0,0,0,0,0,0,0,0,1,0,0,0,1685,1
2017-01-27,Queen Sirikit National Convention Centre,1167,WD,Friday,27,Late,1,1,0,0,0,0,0,0,0,0,0,0,0,0,0,0,0,0,0,0,0,0,0,0,0,0,0,0,0,0,0,0,0,0
2017-01-28,Queen Sirikit National Convention Centre,395,WE,Saturday,28,Late,1,1,0,0,0,0,0,0,0,0,0,0,0,0,0,0,0,0,0,0,0,0,0,0,0,0,0,0,0,0,0,0,0,0
2017-01-29,Queen Sirikit National Convention Centre,262,WE,Sunday,29,Late,1,1,0,0,0,1203,0,0,0,0,0,0,0,0,0,0,0,0,0,0,1,0,0,0,0,0,0,0,0,0,0,0,1203,1
2017-01-30,Queen Sirikit National Convention Centre,1236,WD,Monday,30,Late,1,1,0,0,0,0,0,0,0,0,0,0,0,1938,0,0,0,0,0,0,0,0,0,0,0,0,0,0,1,0,0,0,1938,1
2017-01-31,Queen Sirikit National Convention Centre,1323,WD,Tuesday,31,Late,1,1,0,0,0,0,0,0,0,0,0,0,0,0,0,0,0,0,0,0,0,0,0,0,0,0,0,0,0,0,0,0,0,0
2017-02-01,Queen Sirikit National Convention Centre,1394,WE,Wednesday,1,Early,2,1,0,0,0,0,0,0,0,0,0,0,0,1938,0,0,0,0,0,0,0,0,0,0,0,0,0,0,1,0,0,0,1938,1
2017-02-02,Queen Sirikit National Convention Centre,1634,WE,Thursday,2,Early,2,1,0,1878,0,0,3100,0,0,3475,0,0,0,0,0,0,0,0,1,0,0,1,0,0,1,0,0,0,0,0,0,0,8453,3
2017-02-03,Queen Sirikit National Convention Centre,1583,WE,Friday,3,Early,2,1,0,1878,0,0,3100,0,0,5102,0,0,0,0,0,0,0,0,1,0,0,1,0,0,1,0,0,0,0,0,0,0,10080,3
2017-02-04,Queen Sirikit National Convention Centre,641,PH,Saturday,4,Early,2,1,0,1878,0,1511,3100,0,0,5102,0,0,0,0,0,0,0,0,1,0,1,1,0,0,1,0,0,0,0,0,0,0,11591,4
2017-02-05,Queen Sirikit National Convention Centre,472,PH,Sunday,5,Early,2,1,0,1878,0,1511,3100,0,0,5102,0,0,0,0,0,0,0,0,1,0,1,1,0,0,1,0,0,0,0,0,0,0,11591,4
2017-02-06,Queen Sirikit National Convention Centre,1351,WE,Monday,6,Mid,2,1,0,0,0,0,0,0,0,0,0,0,0,0,0,0,0,0,0,0,0,0,0,0,0,0,0,0,0,0,0,0,0,0
2017-02-07,Queen Sirikit National Convention Centre,1404,WE,Tuesday,7,Mid,2,1,0,0,0,0,0,0,0,0,0,0,0,2005,0,0,0,0,0,0,0,0,0,0,0,0,0,0,1,0,0,0,2005,1
2017-02-08,Queen Sirikit National Convention Centre,1357,WE,Wednesday,8,Mid,2,1,0,0,0,0,0,0,0,0,0,0,0,0,0,0,0,0,0,0,0,0,0,0,0,0,0,0,0,0,0,0,0,0
2017-02-09,Queen Sirikit National Convention Centre,2050,WE,Thursday,9,Mid,2,1,0,0,0,0,0,0,0,3431,0,9498,0,0,0,0,0,0,0,0,0,0,0,0,1,0,1,0,0,0,0,0,12929,2
2017-02-10,Queen Sirikit National Convention Centre,2018,WE,Friday,10,Mid,2,1,0,0,0,0,0,0,0,3431,0,9498,0,0,0,0,0,0,0,0,0,0,0,0,1,0,1,0,0,0,0,0,12929,2
2017-02-11,Queen Sirikit National Convention Centre,1077,PH,Saturday,11,Mid,2,1,0,0,0,0,0,0,0,3431,0,9498,0,0,0,0,0,0,0,0,0,0,0,0,1,0,1,0,0,0,0,0,12929,2
2017-02-12,Queen Sirikit National Convention Centre,998,PH,Sunday,12,Mid,2,1,0,0,0,0,0,0,0,3431,0,9498,0,0,0,0,0,0,0,0,0,0,0,0,1,0,1,0,0,0,0,0,12929,2
2017-02-13,Queen Sirikit National Convention Centre,311,WD,Monday,13,Mid,2,1,0,0,0,0,0,0,0,0,0,0,0,0,0,0,0,0,0,0,0,0,0,0,0,0,0,0,0,0,0,0,0,0
2017-02-14,Queen Sirikit National Convention Centre,1398,WE,Tuesday,14,Mid,2,1,0,0,0,0,0,0,0,0,0,0,0,0,0,0,0,0,0,0,0,0,0,0,0,0,0,0,0,0,0,0,0,0
2017-02-15,Queen Sirikit National Convention Centre,2070,WE,Wednesday,15,Mid,2,1,0,0,0,0,0,0,0,3812,0,0,0,0,0,12174,0,0,0,0,0,0,0,0,1,0,0,0,0,0,1,0,15986,2
2017-02-16,Queen Sirikit National Convention Centre,2053,WE,Thursday,16,Mid,2,1,0,0,0,0,0,0,0,3812,0,0,0,0,3582,12174,0,0,0,0,0,0,0,0,1,0,0,0,0,1,1,0,19568,3
2017-02-17,Queen Sirikit National Convention Centre,2168,WE,Friday,17,Mid,2,1,0,0,0,0,0,0,0,3812,0,0,0,0,3582,12174,0,0,0,0,0,0,0,0,1,0,0,0,0,1,1,0,19568,3
2017-02-18,Queen Sirikit National Convention Centre,1333,PH,Saturday,18,Mid,2,1,0,0,0,0,0,0,0,3812,0,0,0,0,3582,12174,0,0,0,0,0,0,0,0,1,0,0,0,0,1,1,0,19568,3
2017-02-19,Queen Sirikit National Convention Centre,1146,PH,Sunday,19,Mid,2,1,0,0,0,0,0,0,0,3812,0,0,0,0,3582,12174,0,0,0,0,0,0,0,0,1,0,0,0,0,1,1,0,19568,3
2017-02-20,Queen Sirikit National Convention Centre,1320,WE,Monday,20,Mid,2,1,0,0,0,0,0,0,0,0,0,0,0,0,0,0,0,0,0,0,0,0,0,0,0,0,0,0,0,0,0,0,0,0
2017-02-21,Queen Sirikit National Convention Centre,1332,WE,Tuesday,21,Mid,2,1,0,0,0,0,0,0,0,0,0,0,0,0,0,0,0,0,0,0,0,0,0,0,0,0,0,0,0,0,0,0,0,0
2017-02-22,Queen Sirikit National Convention Centre,1302,WE,Wednesday,22,Mid,2,1,0,0,0,0,0,0,0,0,0,0,0,0,0,0,0,0,0,0,0,0,0,0,0,0,0,0,0,0,0,0,0,0
2017-02-23,Queen Sirikit National Convention Centre,1391,WE,Thursday,23,Mid,2,1,0,0,0,0,0,0,4852,0,0,0,0,0,0,0,0,0,0,0,0,0,0,1,0,0,0,0,0,0,0,0,4852,1
2017-02-24,Queen Sirikit National Convention Centre,1393,WE,Friday,24,Mid,2,1,0,0,3618,0,0,0,4852,0,0,0,0,0,0,0,0,0,0,1,0,0,0,1,0,0,0,0,0,0,0,0,8470,2
2017-02-25,Queen Sirikit National Convention Centre,487,PH,Saturday,25,Late,2,1,0,0,3618,0,0,0,4852,0,0,0,0,0,0,0,0,0,0,1,0,0,0,1,0,0,0,0,0,0,0,0,8470,2
2017-02-26,Queen Sirikit National Convention Centre,421,PH,Sunday,26,Late,2,1,0,0,3618,0,0,0,4852,0,0,0,0,0,0,0,0,0,0,1,0,0,0,1,0,0,0,0,0,0,0,0,8470,2
2017-02-27,Queen Sirikit National Convention Centre,1294,WE,Monday,27,Late,2,1,0,0,0,0,0,0,0,0,0,0,0,0,0,0,0,0,0,0,0,0,0,0,0,0,0,0,0,0,0,0,0,0
2017-02-28,Queen Sirikit National Convention Centre,1387,WE,Tuesday,28,Late,2,1,0,0,0,0,0,0,0,0,0,0,0,0,0,0,0,0,0,0,0,0,0,0,0,0,0,0,0,0,0,0,0,0
2017-03-01,Queen Sirikit National Convention Centre,1422,WE,Wednesday,1,Early,3,1,0,0,0,0,0,0,0,0,0,0,0,0,0,0,0,0,0,0,0,0,0,0,0,0,0,0,0,0,0,0,0,0
2017-03-02,Queen Sirikit National Convention Centre,2192,WE,Thursday,2,Early,3,1,0,0,0,0,0,3335,0,1923,0,0,0,0,3872,25640,0,0,0,0,0,0,1,0,1,0,0,0,0,1,1,0,34770,4
2017-03-03,Queen Sirikit National Convention Centre,2194,WE,Friday,3,Early,3,1,0,0,0,0,0,3335,0,1923,0,0,0,0,3872,25640,0,0,0,0,0,0,1,0,1,0,0,0,0,1,1,0,34770,4
2017-03-04,Queen Sirikit National Convention Centre,1293,WD,Saturday,4,Early,3,1,0,0,0,0,0,3335,0,1923,0,0,0,0,3872,25640,0,0,0,0,0,0,1,0,1,0,0,0,0,1,1,0,34770,4
2017-03-05,Queen Sirikit National Convention Centre,1230,WD,Sunday,5,Early,3,1,0,0,0,0,0,3335,0,1923,0,0,0,0,3872,25640,0,0,0,0,0,0,1,0,1,0,0,0,0,1,1,0,34770,4
2017-03-06,Queen Sirikit National Convention Centre,1310,WE,Monday,6,Mid,3,1,0,0,0,0,0,0,0,0,0,0,0,0,0,0,0,0,0,0,0,0,0,0,0,0,0,0,0,0,0,0,0,0
2017-03-07,Queen Sirikit National Convention Centre,1356,WE,Tuesday,7,Mid,3,1,0,0,0,0,0,0,0,0,0,0,0,0,0,0,0,0,0,0,0,0,0,0,0,0,0,0,0,0,0,0,0,0
2017-03-08,Queen Sirikit National Convention Centre,1304,WE,Wednesday,8,Mid,3,1,0,0,0,0,0,0,0,0,0,0,0,1938,0,0,0,0,0,0,0,0,0,0,0,0,0,0,1,0,0,0,1938,1
2017-03-09,Queen Sirikit National Convention Centre,1421,WE,Thursday,9,Mid,3,1,0,0,0,0,0,0,0,0,0,0,21597,1938,0,0,0,0,0,0,0,0,0,0,0,0,0,1,1,0,0,0,23535,2
2017-03-10,Queen Sirikit National Convention Centre,1448,WE,Friday,10,Mid,3,1,0,0,2532,0,0,0,0,0,0,0,21597,1938,0,0,0,0,0,1,0,0,0,0,0,0,0,1,1,0,0,0,26067,3
2017-03-11,Queen Sirikit National Convention Centre,649,WD,Saturday,11,Mid,3,1,0,0,0,0,0,0,0,0,0,0,21597,0,0,0,0,0,0,0,0,0,0,0,0,0,0,1,0,0,0,0,21597,1
2017-03-12,Queen Sirikit National Convention Centre,451,WD,Sunday,12,Mid,3,1,0,0,0,0,0,0,0,0,0,0,21597,0,0,0,0,0,0,0,0,0,0,0,0,0,0,1,0,0,0,0,21597,1
2017-03-13,Queen Sirikit National Convention Centre,1268,WE,Monday,13,Mid,3,1,0,0,0,0,0,0,0,0,0,0,0,919,0,0,0,0,0,0,0,0,0,0,0,0,0,0,1,0,0,0,919,1
2017-03-14,Queen Sirikit National Convention Centre,1301,WE,Tuesday,14,Mid,3,1,0,0,0,0,0,0,0,0,0,0,0,919,0,0,0,0,0,0,0,0,0,0,0,0,0,0,1,0,0,0,919,1
2017-03-15,Queen Sirikit National Convention Centre,1317,WE,Wednesday,15,Mid,3,1,0,0,0,0,0,0,0,0,0,0,0,919,0,0,0,0,0,0,0,0,0,0,0,0,0,0,1,0,0,0,919,1
2017-03-16,Queen Sirikit National Convention Centre,1702,WE,Thursday,16,Mid,3,1,0,0,0,0,0,0,0,0,0,13481,0,0,0,0,0,0,0,0,0,0,0,0,0,0,1,0,0,0,0,0,13481,1
2017-03-17,Queen Sirikit National Convention Centre,1716,WE,Friday,17,Mid,3,1,0,0,0,0,0,0,0,0,0,13481,0,0,0,0,3265,0,0,0,0,0,0,0,0,0,1,0,0,0,0,1,16746,2
2017-03-18,Queen Sirikit National Convention Centre,871,WD,Saturday,18,Mid,3,1,0,0,0,0,0,0,0,0,0,13481,0,0,0,0,3265,0,0,0,0,0,0,0,0,0,1,0,0,0,0,1,16746,2
2017-03-19,Queen Sirikit National Convention Centre,713,WD,Sunday,19,Mid,3,1,0,0,0,0,0,0,0,0,0,13481,0,0,0,0,3265,0,0,0,0,0,0,0,0,0,1,0,0,0,0,1,16746,2
2017-03-20,Queen Sirikit National Convention Centre,1326,WE,Monday,20,Mid,3,1,0,0,0,0,0,0,1498,0,0,0,0,0,0,0,0,0,0,0,0,0,0,1,0,0,0,0,0,0,0,0,1498,1
2017-03-21,Queen Sirikit National Convention Centre,1312,WE,Tuesday,21,Mid,3,1,0,0,0,0,0,0,1498,0,0,0,0,0,0,0,0,0,0,0,0,0,0,1,0,0,0,0,0,0,0,0,1498,1
2017-03-22,Queen Sirikit National Convention Centre,1301,WE,Wednesday,22,Mid,3,1,0,0,0,2199,0,0,0,0,0,0,0,0,0,0,0,0,0,0,1,0,0,0,0,0,0,0,0,0,0,0,2199,1
2017-03-23,Queen Sirikit National Convention Centre,1359,WE,Thursday,23,Mid,3,1,0,0,0,2199,0,0,0,0,0,0,0,1117,0,0,0,0,0,0,1,0,0,0,0,0,0,0,1,0,0,0,3316,2
2017-03-24,Queen Sirikit National Convention Centre,1299,WE,Friday,24,Mid,3,1,0,0,0,2199,0,0,0,0,0,0,0,0,0,0,0,0,0,0,1,0,0,0,0,0,0,0,0,0,0,0,2199,1
2017-03-25,Queen Sirikit National Convention Centre,400,WD,Saturday,25,Late,3,1,0,0,0,0,0,0,0,0,0,0,0,819,0,0,0,0,0,0,0,0,0,0,0,0,0,0,1,0,0,0,819,1
2017-03-26,Queen Sirikit National Convention Centre,315,WD,Sunday,26,Late,3,1,0,0,0,0,0,0,0,0,0,0,0,0,1159,0,0,0,0,0,0,0,0,0,0,0,0,0,0,1,0,0,1159,1
2017-03-27,Queen Sirikit National Convention Centre,1251,WE,Monday,27,Late,3,1,0,0,0,0,0,0,0,0,0,0,0,0,0,0,0,0,0,0,0,0,0,0,0,0,0,0,0,0,0,0,0,0
2017-03-28,Queen Sirikit National Convention Centre,1421,WE,Tuesday,28,Late,3,1,0,0,0,0,0,0,0,0,0,0,0,0,0,0,0,0,0,0,0,0,0,0,0,0,0,0,0,0,0,0,0,0
2017-03-29,Queen Sirikit National Convention Centre,1871,WE,Wednesday,29,Late,3,1,0,45244,0,0,0,0,0,0,0,0,0,0,0,0,0,0,1,0,0,0,0,0,0,0,0,0,0,0,0,0,45244,1
2017-03-30,Queen Sirikit National Convention Centre,2299,WE,Thursday,30,Late,3,1,0,45244,0,0,0,0,0,0,0,0,0,0,0,0,0,0,1,0,0,0,0,0,0,0,0,0,0,0,0,0,45244,1
2017-03-31,Queen Sirikit National Convention Centre,2354,WE,Friday,31,Late,3,1,0,45244,0,0,0,0,0,0,0,0,0,0,0,0,0,0,1,0,0,0,0,0,0,0,0,0,0,0,0,0,45244,1
2017-04-01,Queen Sirikit National Convention Centre,1768,WE,Saturday,1,Early,4,2,0,45244,0,0,0,0,0,0,0,0,0,0,0,0,0,0,1,0,0,0,0,0,0,0,0,0,0,0,0,0,45244,1
2017-04-02,Queen Sirikit National Convention Centre,1377,WE,Sunday,2,Early,4,2,0,45244,0,0,0,0,0,0,0,0,0,0,0,0,0,0,1,0,0,0,0,0,0,0,0,0,0,0,0,0,45244,1
2017-04-03,Queen Sirikit National Convention Centre,2203,PH,Monday,3,Early,4,2,0,45244,0,0,0,0,0,0,0,0,0,0,0,0,0,0,1,0,0,0,0,0,0,0,0,0,0,0,0,0,45244,1
2017-04-04,Queen Sirikit National Convention Centre,2094,PH,Tuesday,4,Early,4,2,0,45244,0,0,0,0,0,0,0,0,0,0,0,0,0,0,1,0,0,0,0,0,0,0,0,0,0,0,0,0,45244,1
2017-04-05,Queen Sirikit National Convention Centre,2259,PH,Wednesday,5,Early,4,2,0,45244,0,0,0,0,0,0,0,0,0,0,0,0,0,0,1,0,0,0,0,0,0,0,0,0,0,0,0,0,45244,1
2017-04-06,Queen Sirikit National Convention Centre,1636,WD,Thursday,6,Mid,4,2,0,45244,0,0,0,0,0,0,0,0,0,0,0,0,0,0,1,0,0,0,0,0,0,0,0,0,0,0,0,0,45244,1
2017-04-07,Queen Sirikit National Convention Centre,2089,PH,Friday,7,Mid,4,2,0,45244,0,0,0,0,0,0,0,0,0,0,0,0,0,0,1,0,0,0,0,0,0,0,0,0,0,0,0,0,45244,1
2017-04-08,Queen Sirikit National Convention Centre,5600,WE,Saturday,8,Mid,4,2,0,45244,0,0,0,0,0,0,0,0,0,0,0,0,0,0,1,0,0,0,0,0,0,0,0,0,0,0,0,0,45244,1
2017-04-09,Queen Sirikit National Convention Centre,4756,WE,Sunday,9,Mid,4,2,0,45244,0,0,0,0,0,0,0,0,0,0,0,0,0,0,1,0,0,0,0,0,0,0,0,0,0,0,0,0,45244,1
2017-04-10,Queen Sirikit National Convention Centre,1804,PH,Monday,10,Mid,4,2,0,0,0,0,0,0,0,0,0,0,0,0,0,0,0,0,0,0,0,0,0,0,0,0,0,0,0,0,0,0,0,0
2017-04-11,Queen Sirikit National Convention Centre,1921,PH,Tuesday,11,Mid,4,2,0,0,0,0,0,0,0,0,0,0,0,0,0,0,0,0,0,0,0,0,0,0,0,0,0,0,0,0,0,0,0,0
2017-04-12,Queen Sirikit National Convention Centre,1520,PH,Wednesday,12,Mid,4,2,0,0,0,0,0,0,0,0,0,0,0,0,0,0,0,0,0,0,0,0,0,0,0,0,0,0,0,0,0,0,0,0
2017-04-13,Queen Sirikit National Convention Centre,422,WD,Thursday,13,Mid,4,2,0,0,0,0,0,0,0,0,0,0,0,0,0,0,0,0,0,0,0,0,0,0,0,0,0,0,0,0,0,0,0,0
2017-04-14,Queen Sirikit National Convention Centre,424,WD,Friday,14,Mid,4,2,0,0,0,0,0,0,0,0,0,0,0,0,0,0,0,0,0,0,0,0,0,0,0,0,0,0,0,0,0,0,0,0
2017-04-15,Queen Sirikit National Convention Centre,415,WE,Saturday,15,Mid,4,2,0,0,0,0,0,0,0,0,0,0,0,0,0,0,0,0,0,0,0,0,0,0,0,0,0,0,0,0,0,0,0,0
2017-04-16,Queen Sirikit National Convention Centre,460,WE,Sunday,16,Mid,4,2,0,0,0,0,0,0,0,0,0,0,0,0,0,0,0,0,0,0,0,0,0,0,0,0,0,0,0,0,0,0,0,0
2017-04-17,Queen Sirikit National Convention Centre,1097,WD,Monday,17,Mid,4,2,0,0,0,0,0,0,0,0,0,0,0,0,0,0,0,0,0,0,0,0,0,0,0,0,0,0,0,0,0,0,0,0
2017-04-18,Queen Sirikit National Convention Centre,1949,PH,Tuesday,18,Mid,4,2,0,0,0,0,0,0,0,0,0,0,0,0,0,0,0,0,0,0,0,0,0,0,0,0,0,0,0,0,0,0,0,0
2017-04-19,Queen Sirikit National Convention Centre,4176,PH,Wednesday,19,Mid,4,2,0,0,0,0,0,0,0,0,0,0,0,0,0,0,0,0,0,0,0,0,0,0,0,0,0,0,0,0,0,0,0,0
2017-04-20,Queen Sirikit National Convention Centre,4057,PH,Thursday,20,Mid,4,2,0,0,0,0,0,0,0,0,0,0,0,0,0,0,0,0,0,0,0,0,0,0,0,0,0,0,0,0,0,0,0,0
2017-04-21,Queen Sirikit National Convention Centre,2172,PH,Friday,21,Mid,4,2,0,0,0,0,0,0,0,0,0,0,0,0,0,0,0,0,0,0,0,0,0,0,0,0,0,0,0,0,0,0,0,0
2017-04-22,Queen Sirikit National Convention Centre,1057,WE,Saturday,22,Mid,4,2,0,0,0,0,0,0,0,0,0,0,8793,0,0,0,0,0,0,0,0,0,0,0,0,0,0,1,0,0,0,0,8793,1
2017-04-23,Queen Sirikit National Convention Centre,836,WE,Sunday,23,Mid,4,2,0,0,0,0,0,0,0,0,0,0,8793,0,0,0,0,0,0,0,0,0,0,0,0,0,0,1,0,0,0,0,8793,1
2017-04-24,Queen Sirikit National Convention Centre,2159,PH,Monday,24,Mid,4,2,0,0,0,0,0,0,0,0,0,0,8793,0,0,0,0,0,0,0,0,0,0,0,0,0,0,1,0,0,0,0,8793,1
2017-04-25,Queen Sirikit National Convention Centre,2140,PH,Tuesday,25,Late,4,2,0,0,0,0,0,0,0,0,0,0,8793,0,0,0,0,0,0,0,0,0,0,0,0,0,0,1,0,0,0,0,8793,1
2017-04-26,Queen Sirikit National Convention Centre,2255,PH,Wednesday,26,Late,4,2,0,0,0,0,0,0,0,0,0,0,8793,0,0,0,0,0,0,0,0,0,0,0,0,0,0,1,0,0,0,0,8793,1
2017-04-27,Queen Sirikit National Convention Centre,2205,PH,Thursday,27,Late,4,2,0,0,0,0,0,0,0,0,0,0,8793,0,0,0,0,0,0,0,0,0,0,0,0,0,0,1,0,0,0,0,8793,1
2017-04-28,Queen Sirikit National Convention Centre,2276,PH,Friday,28,Late,4,2,0,0,0,0,0,0,0,0,0,0,8793,0,0,0,0,0,0,0,0,0,0,0,0,0,0,1,0,0,0,0,8793,1
2017-04-29,Queen Sirikit National Convention Centre,1048,WE,Saturday,29,Late,4,2,0,0,0,0,0,0,0,0,0,0,8793,0,0,0,0,0,0,0,0,0,0,0,0,0,0,1,0,0,0,0,8793,1
2017-04-30,Queen Sirikit National Convention Centre,911,WE,Sunday,30,Late,4,2,0,0,0,0,0,0,0,0,0,0,8793,0,0,0,0,0,0,0,0,0,0,0,0,0,0,1,0,0,0,0,8793,1
2017-05-01,Queen Sirikit National Convention Centre,901,WE,Monday,1,Early,5,2,0,0,0,0,0,0,0,0,0,0,0,0,0,0,0,0,0,0,0,0,0,0,0,0,0,0,0,0,0,0,0,0
2017-05-02,Queen Sirikit National Convention Centre,1990,PH,Tuesday,2,Early,5,2,0,0,0,0,0,0,0,0,0,0,0,0,0,0,0,0,0,0,0,0,0,0,0,0,0,0,0,0,0,0,0,0
2017-05-03,Queen Sirikit National Convention Centre,1988,PH,Wednesday,3,Early,5,2,0,0,0,0,0,0,0,0,0,0,0,0,0,0,0,0,0,0,0,0,0,0,0,0,0,0,0,0,0,0,0,0
2017-05-04,Queen Sirikit National Convention Centre,1955,PH,Thursday,4,Early,5,2,0,0,0,0,0,0,0,0,0,0,0,0,0,0,0,0,0,0,0,0,0,0,0,0,0,0,0,0,0,0,0,0
2017-05-05,Queen Sirikit National Convention Centre,1877,PH,Friday,5,Early,5,2,0,0,0,0,0,0,0,0,0,0,0,0,0,0,0,0,0,0,0,0,0,0,0,0,0,0,0,0,0,0,0,0
2017-05-06,Queen Sirikit National Convention Centre,991,WD,Saturday,6,Mid,5,2,0,0,0,0,0,0,0,0,0,0,0,0,0,0,0,0,0,0,0,0,0,0,0,0,0,0,0,0,0,0,0,0
2017-05-07,Queen Sirikit National Convention Centre,633,WD,Sunday,7,Mid,5,2,0,0,0,0,0,0,0,0,0,0,0,0,0,0,0,0,0,0,0,0,0,0,0,0,0,0,0,0,0,0,0,0
2017-05-08,Queen Sirikit National Convention Centre,2185,PH,Monday,8,Mid,5,2,0,0,0,0,0,0,0,0,0,0,0,0,0,0,0,0,0,0,0,0,0,0,0,0,0,0,0,0,0,0,0,0
2017-05-09,Queen Sirikit National Convention Centre,1917,PH,Tuesday,9,Mid,5,2,0,0,0,0,0,0,0,0,0,0,0,0,0,0,0,0,0,0,0,0,0,0,0,0,0,0,0,0,0,0,0,0
2017-05-10,Queen Sirikit National Convention Centre,763,WE,Wednesday,10,Mid,5,2,0,0,0,0,0,0,0,0,0,0,0,0,0,0,0,0,0,0,0,0,0,0,0,0,0,0,0,0,0,0,0,0
2017-05-11,Queen Sirikit National Convention Centre,2796,PH,Thursday,11,Mid,5,2,0,0,0,0,0,0,0,2054,0,0,0,0,2536,13386,0,0,0,0,0,0,0,0,1,0,0,0,0,1,1,0,17976,3
2017-05-12,Queen Sirikit National Convention Centre,2753,WE,Friday,12,Mid,5,2,0,0,0,3190,0,0,0,2054,0,0,0,0,2536,13386,0,0,0,0,1,0,0,0,1,0,0,0,0,1,1,0,21166,4
2017-05-13,Queen Sirikit National Convention Centre,1846,WD,Saturday,13,Mid,5,2,0,0,0,3190,0,0,0,2054,0,0,0,0,2536,13386,0,0,0,0,1,0,0,0,1,0,0,0,0,1,1,0,21166,4
2017-05-14,Queen Sirikit National Convention Centre,1594,WD,Sunday,14,Mid,5,2,0,0,0,0,0,0,0,2054,0,0,0,0,2536,13386,0,0,0,0,0,0,0,0,1,0,0,0,0,1,1,0,17976,3
2017-05-15,Queen Sirikit National Convention Centre,1927,PH,Monday,15,Mid,5,2,0,0,0,0,0,0,0,0,0,0,0,0,0,0,0,0,0,0,0,0,0,0,0,0,0,0,0,0,0,0,0,0
2017-05-16,Queen Sirikit National Convention Centre,1985,PH,Tuesday,16,Mid,5,2,0,0,0,0,0,0,0,0,0,0,0,0,0,0,0,0,0,0,0,0,0,0,0,0,0,0,0,0,0,0,0,0
2017-05-17,Queen Sirikit National Convention Centre,2009,PH,Wednesday,17,Mid,5,2,0,0,0,0,0,0,0,0,0,0,0,0,0,0,0,0,0,0,0,0,0,0,0,0,0,0,0,0,0,0,0,0
2017-05-18,Queen Sirikit National Convention Centre,4075,PH,Thursday,18,Mid,5,2,0,0,0,0,0,0,0,4155,0,4366,0,0,0,0,0,0,0,0,0,0,0,0,1,0,1,0,0,0,0,0,8521,2
2017-05-19,Queen Sirikit National Convention Centre,4110,PH,Friday,19,Mid,5,2,0,0,0,0,0,0,0,4155,0,4366,0,0,0,0,0,0,0,0,0,0,0,0,1,0,1,0,0,0,0,0,8521,2
2017-05-20,Queen Sirikit National Convention Centre,3950,WD,Saturday,20,Mid,5,2,0,0,0,0,0,0,0,4155,0,4366,0,0,0,0,0,0,0,0,0,0,0,0,1,0,1,0,0,0,0,0,8521,2
2017-05-21,Queen Sirikit National Convention Centre,3631,WD,Sunday,21,Mid,5,2,0,0,0,0,0,0,0,4155,0,4366,0,0,0,0,0,0,0,0,0,0,0,0,1,0,1,0,0,0,0,0,8521,2
2017-05-22,Queen Sirikit National Convention Centre,2035,PH,Monday,22,Mid,5,2,0,0,0,0,0,0,0,0,0,0,0,1006,0,0,0,0,0,0,0,0,0,0,0,0,0,0,1,0,0,0,1006,1
2017-05-23,Queen Sirikit National Convention Centre,2041,PH,Tuesday,23,Mid,5,2,0,0,0,0,0,0,0,0,0,0,0,1006,0,0,0,0,0,0,0,0,0,0,0,0,0,0,1,0,0,0,1006,1
2017-05-24,Queen Sirikit National Convention Centre,2192,PH,Wednesday,24,Mid,5,2,0,0,0,0,0,0,0,0,0,0,0,1728,0,0,0,0,0,0,0,0,0,0,0,0,0,0,1,0,0,0,1728,1
2017-05-25,Queen Sirikit National Convention Centre,2501,PH,Thursday,25,Late,5,2,7412,0,0,0,0,0,0,0,0,0,0,0,0,0,0,1,0,0,0,0,0,0,0,0,0,0,0,0,0,0,7412,1
2017-05-26,Queen Sirikit National Convention Centre,2652,PH,Friday,26,Late,5,2,7412,0,0,0,0,0,0,0,0,0,0,0,0,0,0,1,0,0,0,0,0,0,0,0,0,0,0,0,0,0,7412,1
2017-05-27,Queen Sirikit National Convention Centre,2608,WD,Saturday,27,Late,5,2,7412,0,0,0,0,0,0,0,0,0,0,0,0,0,0,1,0,0,0,0,0,0,0,0,0,0,0,0,0,0,7412,1
2017-05-28,Queen Sirikit National Convention Centre,1718,WD,Sunday,28,Late,5,2,7412,0,0,0,0,0,0,0,0,0,0,0,0,0,0,1,0,0,0,0,0,0,0,0,0,0,0,0,0,0,7412,1
2017-05-29,Queen Sirikit National Convention Centre,1994,PH,Monday,29,Late,5,2,0,0,0,0,0,0,0,0,0,0,0,0,0,0,0,0,0,0,0,0,0,0,0,0,0,0,0,0,0,0,0,0
2017-05-30,Queen Sirikit National Convention Centre,1930,PH,Tuesday,30,Late,5,2,0,0,0,0,0,0,0,0,0,0,0,0,0,0,0,0,0,0,0,0,0,0,0,0,0,0,0,0,0,0,0,0
2017-05-31,Queen Sirikit National Convention Centre,2129,PH,Wednesday,31,Late,5,2,0,0,0,0,0,0,0,0,0,0,0,0,0,0,0,0,0,0,0,0,0,0,0,0,0,0,0,0,0,0,0,0
2017-06-01,Queen Sirikit National Convention Centre,3436,WE,Thursday,1,Early,6,2,0,0,0,0,6054,1632,0,0,2808,0,0,0,0,0,0,0,0,0,0,1,1,0,0,1,0,0,0,0,0,0,10494,3
2017-06-02,Queen Sirikit National Convention Centre,3534,WE,Friday,2,Early,6,2,0,0,0,0,6054,1632,0,0,2808,0,0,0,0,0,0,0,0,0,0,1,1,0,0,1,0,0,0,0,0,0,10494,3
2017-06-03,Queen Sirikit National Convention Centre,2574,WD,Saturday,3,Early,6,2,0,0,0,0,6054,1632,0,0,2808,0,0,0,0,0,0,0,0,0,0,1,1,0,0,1,0,0,0,0,0,0,10494,3
2017-06-04,Queen Sirikit National Convention Centre,1978,WD,Sunday,4,Early,6,2,0,0,0,0,6054,1632,0,0,2808,0,0,0,0,0,0,0,0,0,0,1,1,0,0,1,0,0,0,0,0,0,10494,3
2017-06-05,Queen Sirikit National Convention Centre,2027,WE,Monday,5,Early,6,2,0,0,0,0,0,0,0,0,0,0,0,0,0,0,0,0,0,0,0,0,0,0,0,0,0,0,0,0,0,0,0,0
2017-06-06,Queen Sirikit National Convention Centre,2033,WE,Tuesday,6,Mid,6,2,0,0,0,0,0,0,0,0,0,0,0,0,0,0,0,0,0,0,0,0,0,0,0,0,0,0,0,0,0,0,0,0
2017-06-07,Queen Sirikit National Convention Centre,2134,WE,Wednesday,7,Mid,6,2,0,0,0,0,0,0,0,0,0,0,0,0,0,0,0,0,0,0,0,0,0,0,0,0,0,0,0,0,0,0,0,0
2017-06-08,Queen Sirikit National Convention Centre,2163,WE,Thursday,8,Mid,6,2,0,0,0,0,7090,0,0,0,0,0,0,0,0,0,0,0,0,0,0,1,0,0,0,0,0,0,0,0,0,0,7090,1
2017-06-09,Queen Sirikit National Convention Centre,2233,WE,Friday,9,Mid,6,2,0,0,0,0,7090,0,0,0,0,0,0,0,0,0,0,0,0,0,0,1,0,0,0,0,0,0,0,0,0,0,7090,1
2017-06-10,Queen Sirikit National Convention Centre,1807,WD,Saturday,10,Mid,6,2,0,0,0,0,7090,0,0,0,0,0,0,3590,0,0,0,0,0,0,0,1,0,0,0,0,0,0,1,0,0,0,10680,2
2017-06-11,Queen Sirikit National Convention Centre,1001,WD,Sunday,11,Mid,6,2,0,0,0,0,7090,0,0,0,0,0,0,3590,0,0,0,0,0,0,0,1,0,0,0,0,0,0,1,0,0,0,10680,2
2017-06-12,Queen Sirikit National Convention Centre,2129,WE,Monday,12,Mid,6,2,0,0,0,0,0,0,0,0,0,0,0,0,0,0,0,0,0,0,0,0,0,0,0,0,0,0,0,0,0,0,0,0
2017-06-13,Queen Sirikit National Convention Centre,2088,WE,Tuesday,13,Mid,6,2,0,0,0,0,0,0,0,0,0,0,0,0,0,0,0,0,0,0,0,0,0,0,0,0,0,0,0,0,0,0,0,0
2017-06-14,Queen Sirikit National Convention Centre,2139,WE,Wednesday,14,Mid,6,2,0,0,0,0,0,0,0,0,0,0,0,0,0,0,0,0,0,0,0,0,0,0,0,0,0,0,0,0,0,0,0,0
2017-06-15,Queen Sirikit National Convention Centre,2239,WE,Thursday,15,Mid,6,2,0,0,5290,0,0,0,0,0,0,0,0,0,0,0,0,0,0,1,0,0,0,0,0,0,0,0,0,0,0,0,5290,1
2017-06-16,Queen Sirikit National Convention Centre,2736,WE,Friday,16,Mid,6,2,0,0,11615,0,0,0,0,0,0,0,0,0,0,0,0,0,0,1,0,0,0,0,0,0,0,0,0,0,0,0,11615,1
2017-06-17,Queen Sirikit National Convention Centre,1517,WD,Saturday,17,Mid,6,2,0,0,11615,0,0,0,0,0,0,0,0,0,0,0,0,0,0,1,0,0,0,0,0,0,0,0,0,0,0,0,11615,1
2017-06-18,Queen Sirikit National Convention Centre,791,WD,Sunday,18,Mid,6,2,0,0,0,0,0,0,0,0,0,0,0,0,0,0,0,0,0,0,0,0,0,0,0,0,0,0,0,0,0,0,0,0
2017-06-19,Queen Sirikit National Convention Centre,3151,WE,Monday,19,Mid,6,2,0,0,0,0,0,0,0,0,0,0,0,0,0,0,0,0,0,0,0,0,0,0,0,0,0,0,0,0,0,0,0,0
2017-06-20,Queen Sirikit National Convention Centre,2125,WE,Tuesday,20,Mid,6,2,0,0,0,0,0,0,0,0,0,0,0,0,0,0,0,0,0,0,0,0,0,0,0,0,0,0,0,0,0,0,0,0
2017-06-21,Queen Sirikit National Convention Centre,2203,WE,Wednesday,21,Mid,6,2,0,0,0,0,0,0,0,0,0,0,0,0,0,0,0,0,0,0,0,0,0,0,0,0,0,0,0,0,0,0,0,0
2017-06-22,Queen Sirikit National Convention Centre,3647,WE,Thursday,22,Mid,6,2,0,0,0,0,0,4445,0,0,0,7617,0,0,0,0,0,0,0,0,0,0,1,0,0,0,1,0,0,0,0,0,12062,2
2017-06-23,Queen Sirikit National Convention Centre,3782,WE,Friday,23,Mid,6,2,0,0,0,0,0,4445,0,0,0,7617,0,0,0,0,0,0,0,0,0,0,1,0,0,0,1,0,0,0,0,0,12062,2
2017-06-24,Queen Sirikit National Convention Centre,3081,WD,Saturday,24,Mid,6,2,0,0,0,0,0,4445,0,0,0,7617,0,0,0,0,0,0,0,0,0,0,1,0,0,0,1,0,0,0,0,0,12062,2
2017-06-25,Queen Sirikit National Convention Centre,2642,WD,Sunday,25,Late,6,2,0,0,0,0,0,4445,0,0,0,7617,0,0,0,0,0,0,0,0,0,0,1,0,0,0,1,0,0,0,0,0,12062,2
2017-06-26,Queen Sirikit National Convention Centre,2062,WE,Monday,26,Late,6,2,0,0,0,0,0,0,0,0,0,0,0,0,0,0,0,0,0,0,0,0,0,0,0,0,0,0,0,0,0,0,0,0
2017-06-27,Queen Sirikit National Convention Centre,2139,WE,Tuesday,27,Late,6,2,0,0,0,0,0,0,0,0,0,0,0,0,0,0,0,0,0,0,0,0,0,0,0,0,0,0,0,0,0,0,0,0
2017-06-28,Queen Sirikit National Convention Centre,3048,WE,Wednesday,28,Late,6,2,0,0,0,0,0,0,0,0,0,0,0,0,0,0,0,0,0,0,0,0,0,0,0,0,0,0,0,0,0,0,0,0
2017-06-29,Queen Sirikit National Convention Centre,4897,WE,Thursday,29,Late,6,2,0,0,0,0,0,0,0,10275,0,0,0,0,0,0,0,0,0,0,0,0,0,0,1,0,0,0,0,0,0,0,10275,1
2017-06-30,Queen Sirikit National Convention Centre,4927,WE,Friday,30,Late,6,2,0,0,0,0,0,0,0,10275,0,0,0,0,0,0,0,0,0,0,0,0,0,0,1,0,0,0,0,0,0,0,10275,1
2017-07-01,Queen Sirikit National Convention Centre,4241,WE,Saturday,1,Early,7,3,0,0,0,0,0,0,0,10275,0,0,0,0,0,0,0,0,0,0,0,0,0,0,1,0,0,0,0,0,0,0,10275,1
2017-07-02,Queen Sirikit National Convention Centre,3514,WE,Sunday,2,Early,7,3,0,0,0,0,0,0,0,10275,0,0,0,0,0,0,0,0,0,0,0,0,0,0,1,0,0,0,0,0,0,0,10275,1
2017-07-03,Queen Sirikit National Convention Centre,2220,PH,Monday,3,Early,7,3,0,0,0,0,0,0,0,0,0,0,0,0,0,0,0,0,0,0,0,0,0,0,0,0,0,0,0,0,0,0,0,0
2017-07-04,Queen Sirikit National Convention Centre,2228,PH,Tuesday,4,Early,7,3,0,0,0,0,0,0,0,0,0,0,0,0,0,0,0,0,0,0,0,0,0,0,0,0,0,0,0,0,0,0,0,0
2017-07-05,Queen Sirikit National Convention Centre,2182,PH,Wednesday,5,Early,7,3,0,0,0,0,0,0,0,0,0,0,0,0,0,0,0,0,0,0,0,0,0,0,0,0,0,0,0,0,0,0,0,0
2017-07-06,Queen Sirikit National Convention Centre,2666,PH,Thursday,6,Mid,7,3,0,0,4788,0,0,0,0,0,0,0,0,0,0,0,0,0,0,1,0,0,0,0,0,0,0,0,0,0,0,0,4788,1
2017-07-07,Queen Sirikit National Convention Centre,2750,PH,Friday,7,Mid,7,3,0,0,4788,0,0,0,0,0,0,0,0,0,0,0,0,0,0,1,0,0,0,0,0,0,0,0,0,0,0,0,4788,1
2017-07-08,Queen Sirikit National Convention Centre,1199,WE,Saturday,8,Mid,7,3,0,0,4788,0,0,0,0,0,0,0,0,0,0,0,0,0,0,1,0,0,0,0,0,0,0,0,0,0,0,0,4788,1
2017-07-09,Queen Sirikit National Convention Centre,1009,WE,Sunday,9,Mid,7,3,0,0,4788,0,0,0,0,0,0,0,0,0,0,0,0,0,0,1,0,0,0,0,0,0,0,0,0,0,0,0,4788,1
2017-07-10,Queen Sirikit National Convention Centre,922,WD,Monday,10,Mid,7,3,0,0,0,0,0,0,0,0,0,0,0,0,0,0,0,0,0,0,0,0,0,0,0,0,0,0,0,0,0,0,0,0
2017-07-11,Queen Sirikit National Convention Centre,2061,PH,Tuesday,11,Mid,7,3,0,0,0,0,0,0,0,0,0,0,0,0,0,0,0,0,0,0,0,0,0,0,0,0,0,0,0,0,0,0,0,0
2017-07-12,Queen Sirikit National Convention Centre,2282,PH,Wednesday,12,Mid,7,3,0,0,0,0,0,0,0,0,0,0,0,0,0,4164,0,0,0,0,0,0,0,0,0,0,0,0,0,0,1,0,4164,1
2017-07-13,Queen Sirikit National Convention Centre,2280,PH,Thursday,13,Mid,7,3,0,0,0,0,0,0,0,0,0,0,0,0,0,4164,0,0,0,0,0,0,0,0,0,0,0,0,0,0,1,0,4164,1
2017-07-14,Queen Sirikit National Convention Centre,2272,PH,Friday,14,Mid,7,3,0,0,0,0,0,0,0,0,0,0,0,0,0,4164,0,0,0,0,0,0,0,0,0,0,0,0,0,0,1,0,4164,1
2017-07-15,Queen Sirikit National Convention Centre,978,WE,Saturday,15,Mid,7,3,0,0,0,0,0,0,0,0,0,0,0,0,0,0,0,0,0,0,0,0,0,0,0,0,0,0,0,0,0,0,0,0
2017-07-16,Queen Sirikit National Convention Centre,783,WE,Sunday,16,Mid,7,3,0,0,0,0,0,0,0,0,0,0,0,0,0,0,0,0,0,0,0,0,0,0,0,0,0,0,0,0,0,0,0,0
2017-07-17,Queen Sirikit National Convention Centre,2284,PH,Monday,17,Mid,7,3,0,0,0,0,0,0,0,0,0,0,0,0,0,0,0,0,0,0,0,0,0,0,0,0,0,0,0,0,0,0,0,0
2017-07-18,Queen Sirikit National Convention Centre,2127,PH,Tuesday,18,Mid,7,3,0,0,0,0,0,0,0,0,0,0,0,0,0,0,0,0,0,0,0,0,0,0,0,0,0,0,0,0,0,0,0,0
2017-07-19,Queen Sirikit National Convention Centre,2179,PH,Wednesday,19,Mid,7,3,0,0,0,0,0,0,0,0,0,0,0,0,0,0,0,0,0,0,0,0,0,0,0,0,0,0,0,0,0,0,0,0
2017-07-20,Queen Sirikit National Convention Centre,2280,PH,Thursday,20,Mid,7,3,0,0,0,0,0,0,0,0,0,0,0,0,0,0,0,0,0,0,0,0,0,0,0,0,0,0,0,0,0,0,0,0
2017-07-21,Queen Sirikit National Convention Centre,2179,PH,Friday,21,Mid,7,3,0,0,0,0,0,0,0,0,0,0,0,0,0,0,0,0,0,0,0,0,0,0,0,0,0,0,0,0,0,0,0,0
2017-07-22,Queen Sirikit National Convention Centre,1019,WE,Saturday,22,Mid,7,3,0,0,0,0,0,0,0,0,0,0,0,0,0,0,0,0,0,0,0,0,0,0,0,0,0,0,0,0,0,0,0,0
2017-07-23,Queen Sirikit National Convention Centre,769,WE,Sunday,23,Mid,7,3,0,0,0,0,0,0,0,0,0,0,0,0,0,0,0,0,0,0,0,0,0,0,0,0,0,0,0,0,0,0,0,0
2017-07-24,Queen Sirikit National Convention Centre,2228,PH,Monday,24,Mid,7,3,0,0,0,0,0,0,0,0,0,0,0,1599,0,0,0,0,0,0,0,0,0,0,0,0,0,0,1,0,0,0,1599,1
2017-07-25,Queen Sirikit National Convention Centre,2218,PH,Tuesday,25,Late,7,3,0,0,0,0,0,0,0,0,0,0,0,1599,0,0,0,0,0,0,0,0,0,0,0,0,0,0,1,0,0,0,1599,1
2017-07-26,Queen Sirikit National Convention Centre,2213,PH,Wednesday,26,Late,7,3,0,0,0,0,0,0,0,0,0,0,0,1599,0,0,0,0,0,0,0,0,0,0,0,0,0,0,1,0,0,0,1599,1
2017-07-27,Queen Sirikit National Convention Centre,2705,PH,Thursday,27,Late,7,3,2160,0,0,0,0,0,0,0,0,3578,0,0,0,0,0,1,0,0,0,0,0,0,0,0,1,0,0,0,0,0,5738,2
2017-07-28,Queen Sirikit National Convention Centre,1353,WD,Friday,28,Late,7,3,2160,0,0,0,0,0,0,0,0,3578,0,0,0,0,0,1,0,0,0,0,0,0,0,0,1,0,0,0,0,0,5738,2
2017-07-29,Queen Sirikit National Convention Centre,1411,WE,Saturday,29,Late,7,3,2160,0,0,0,0,0,0,1702,0,3578,0,0,0,0,0,1,0,0,0,0,0,0,1,0,1,0,0,0,0,0,7440,3
2017-07-30,Queen Sirikit National Convention Centre,1375,WE,Sunday,30,Late,7,3,2160,0,0,0,0,0,0,1702,0,3578,0,0,0,0,0,1,0,0,0,0,0,0,1,0,1,0,0,0,0,0,7440,3
2017-07-31,Queen Sirikit National Convention Centre,2175,PH,Monday,31,Late,7,3,0,0,0,0,0,0,0,0,0,0,0,0,0,0,0,0,0,0,0,0,0,0,0,0,0,0,0,0,0,0,0,0
2017-08-01,Queen Sirikit National Convention Centre,2154,WE,Tuesday,1,Early,8,3,0,0,0,0,0,0,0,0,0,0,0,0,0,0,0,0,0,0,0,0,0,0,0,0,0,0,0,0,0,0,0,0
2017-08-02,Queen Sirikit National Convention Centre,2287,WE,Wednesday,2,Early,8,3,0,0,0,0,0,0,0,0,0,0,0,2034,0,0,0,0,0,0,0,0,0,0,0,0,0,0,1,0,0,0,2034,1
2017-08-03,Queen Sirikit National Convention Centre,2328,WE,Thursday,3,Early,8,3,0,0,0,0,0,0,0,0,0,0,0,0,0,0,0,0,0,0,0,0,0,0,0,0,0,0,0,0,0,0,0,0
2017-08-04,Queen Sirikit National Convention Centre,2240,WE,Friday,4,Early,8,3,0,0,0,0,0,0,0,0,0,0,0,0,0,0,0,0,0,0,0,0,0,0,0,0,0,0,0,0,0,0,0,0
2017-08-05,Queen Sirikit National Convention Centre,1079,PH,Saturday,5,Early,8,3,0,0,0,0,0,0,0,0,0,0,0,0,0,0,0,0,0,0,0,0,0,0,0,0,0,0,0,0,0,0,0,0
2017-08-06,Queen Sirikit National Convention Centre,867,PH,Sunday,6,Mid,8,3,0,0,0,0,0,0,0,0,0,0,0,0,0,0,0,0,0,0,0,0,0,0,0,0,0,0,0,0,0,0,0,0
2017-08-07,Queen Sirikit National Convention Centre,2117,WE,Monday,7,Mid,8,3,0,0,0,0,0,0,0,0,0,0,0,0,0,0,0,0,0,0,0,0,0,0,0,0,0,0,0,0,0,0,0,0
2017-08-08,Queen Sirikit National Convention Centre,2280,WE,Tuesday,8,Mid,8,3,0,0,0,0,0,0,0,0,0,0,0,0,0,0,0,0,0,0,0,0,0,0,0,0,0,0,0,0,0,0,0,0
2017-08-09,Queen Sirikit National Convention Centre,2435,WE,Wednesday,9,Mid,8,3,0,0,0,0,0,0,0,0,0,0,0,0,0,0,0,0,0,0,0,0,0,0,0,0,0,0,0,0,0,0,0,0
2017-08-10,Queen Sirikit National Convention Centre,4627,WE,Thursday,10,Mid,8,3,0,0,0,0,0,0,0,0,0,0,0,0,3314,9623,0,0,0,0,0,0,0,0,0,0,0,0,0,1,1,0,12937,2
2017-08-11,Queen Sirikit National Convention Centre,5103,WE,Friday,11,Mid,8,3,0,0,0,0,0,0,0,0,0,0,0,0,3314,9623,0,0,0,0,0,0,0,0,0,0,0,0,0,1,1,0,12937,2
2017-08-12,Queen Sirikit National Convention Centre,3824,PH,Saturday,12,Mid,8,3,0,0,0,0,0,0,0,0,0,0,0,0,3314,9623,0,0,0,0,0,0,0,0,0,0,0,0,0,1,1,0,12937,2
2017-08-13,Queen Sirikit National Convention Centre,3555,PH,Sunday,13,Mid,8,3,0,0,0,0,0,0,0,0,0,0,0,0,3314,9623,0,0,0,0,0,0,0,0,0,0,0,0,0,1,1,0,12937,2
2017-08-14,Queen Sirikit National Convention Centre,1417,WD,Monday,14,Mid,8,3,0,0,0,0,0,0,0,0,0,0,0,976,0,0,0,0,0,0,0,0,0,0,0,0,0,0,1,0,0,0,976,1
2017-08-15,Queen Sirikit National Convention Centre,2208,WE,Tuesday,15,Mid,8,3,0,0,0,0,0,0,0,0,0,0,0,0,0,0,0,0,0,0,0,0,0,0,0,0,0,0,0,0,0,0,0,0
2017-08-16,Queen Sirikit National Convention Centre,2315,WE,Wednesday,16,Mid,8,3,0,0,0,0,0,0,0,0,0,0,0,0,0,0,0,0,0,0,0,0,0,0,0,0,0,0,0,0,0,0,0,0
2017-08-17,Queen Sirikit National Convention Centre,2678,WE,Thursday,17,Mid,8,3,0,0,0,0,0,0,0,2484,0,0,13870,0,0,0,0,0,0,0,0,0,0,0,1,0,0,1,0,0,0,0,16354,2
2017-08-18,Queen Sirikit National Convention Centre,2749,WE,Friday,18,Mid,8,3,0,0,0,0,0,0,0,2484,0,0,13870,0,0,0,0,0,0,0,0,0,0,0,1,0,0,1,0,0,0,0,16354,2
2017-08-19,Queen Sirikit National Convention Centre,1682,PH,Saturday,19,Mid,8,3,0,0,0,0,0,0,0,2484,0,0,13870,0,0,0,0,0,0,0,0,0,0,0,1,0,0,1,0,0,0,0,16354,2
2017-08-20,Queen Sirikit National Convention Centre,1241,PH,Sunday,20,Mid,8,3,0,0,0,0,0,0,0,2484,0,0,13870,0,0,0,0,0,0,0,0,0,0,0,1,0,0,1,0,0,0,0,16354,2
2017-08-21,Queen Sirikit National Convention Centre,2387,WE,Monday,21,Mid,8,3,0,0,0,0,0,0,0,0,0,0,0,962,0,0,0,0,0,0,0,0,0,0,0,0,0,0,1,0,0,0,962,1
2017-08-22,Queen Sirikit National Convention Centre,2337,WE,Tuesday,22,Mid,8,3,0,0,0,0,0,0,0,0,0,0,0,962,0,0,0,0,0,0,0,0,0,0,0,0,0,0,1,0,0,0,962,1
2017-08-23,Queen Sirikit National Convention Centre,2435,WE,Wednesday,23,Mid,8,3,0,0,0,0,0,0,0,0,0,0,0,962,0,0,0,0,0,0,0,0,0,0,0,0,0,0,1,0,0,0,962,1
2017-08-24,Queen Sirikit National Convention Centre,3124,WE,Thursday,24,Mid,8,3,0,0,2114,0,8399,0,0,0,0,0,0,0,0,0,0,0,0,1,0,1,0,0,0,0,0,0,0,0,0,0,10513,2
2017-08-25,Queen Sirikit National Convention Centre,3336,WE,Friday,25,Late,8,3,0,0,2114,0,8399,0,0,0,0,0,0,0,0,0,0,0,0,1,0,1,0,0,0,0,0,0,0,0,0,0,10513,2
2017-08-26,Queen Sirikit National Convention Centre,2077,PH,Saturday,26,Late,8,3,0,0,2114,0,8399,0,0,0,0,0,0,0,0,0,0,0,0,1,0,1,0,0,0,0,0,0,0,0,0,0,10513,2
2017-08-27,Queen Sirikit National Convention Centre,1636,PH,Sunday,27,Late,8,3,0,0,2114,0,8399,0,0,0,0,0,0,0,0,0,0,0,0,1,0,1,0,0,0,0,0,0,0,0,0,0,10513,2
2017-08-28,Queen Sirikit National Convention Centre,2331,WE,Monday,28,Late,8,3,0,0,2114,0,0,0,0,0,0,0,0,0,0,0,0,0,0,1,0,0,0,0,0,0,0,0,0,0,0,0,2114,1
2017-08-29,Queen Sirikit National Convention Centre,2303,WE,Tuesday,29,Late,8,3,0,0,0,0,0,0,0,0,0,0,0,0,0,0,0,0,0,0,0,0,0,0,0,0,0,0,0,0,0,0,0,0
2017-08-30,Queen Sirikit National Convention Centre,2443,WE,Wednesday,30,Late,8,3,0,0,0,0,0,0,0,0,0,0,0,0,0,0,0,0,0,0,0,0,0,0,0,0,0,0,0,0,0,0,0,0
2017-08-31,Queen Sirikit National Convention Centre,4911,WE,Thursday,31,Late,8,3,0,0,0,0,0,867,0,0,0,0,0,0,2573,12040,0,0,0,0,0,0,1,0,0,0,0,0,0,1,1,0,15480,3
2017-09-01,Queen Sirikit National Convention Centre,5295,WE,Friday,1,Early,9,3,0,0,0,0,0,867,0,0,0,0,0,0,2573,12040,0,0,0,0,0,0,1,0,0,0,0,0,0,1,1,0,15480,3
2017-09-02,Queen Sirikit National Convention Centre,5085,WD,Saturday,2,Early,9,3,0,0,0,0,0,867,0,0,0,0,0,0,2573,12040,0,0,0,0,0,0,1,0,0,0,0,0,0,1,1,0,15480,3
2017-09-03,Queen Sirikit National Convention Centre,4777,WD,Sunday,3,Early,9,3,0,0,0,0,0,867,0,0,0,0,0,0,2573,12040,0,0,0,0,0,0,1,0,0,0,0,0,0,1,1,0,15480,3
2017-09-04,Queen Sirikit National Convention Centre,2341,WE,Monday,4,Early,9,3,0,0,0,0,0,0,0,0,0,0,0,1924,0,0,0,0,0,0,0,0,0,0,0,0,0,0,1,0,0,0,1924,1
2017-09-05,Queen Sirikit National Convention Centre,2406,WE,Tuesday,5,Early,9,3,0,0,0,0,0,0,0,0,0,0,0,0,0,0,0,0,0,0,0,0,0,0,0,0,0,0,0,0,0,0,0,0
2017-09-06,Queen Sirikit National Convention Centre,2653,WE,Wednesday,6,Mid,9,3,0,0,0,0,0,0,0,0,0,0,0,0,0,0,0,0,0,0,0,0,0,0,0,0,0,0,0,0,0,0,0,0
2017-09-07,Queen Sirikit National Convention Centre,2731,WE,Thursday,7,Mid,9,3,0,0,0,0,0,0,0,0,0,0,0,0,0,0,0,0,0,0,0,0,0,0,0,0,0,0,0,0,0,0,0,0
2017-09-08,Queen Sirikit National Convention Centre,2641,WE,Friday,8,Mid,9,3,0,0,0,0,0,0,0,0,0,0,0,0,0,0,0,0,0,0,0,0,0,0,0,0,0,0,0,0,0,0,0,0
2017-09-09,Queen Sirikit National Convention Centre,997,WD,Saturday,9,Mid,9,3,0,0,0,0,0,0,0,0,0,0,0,0,0,0,0,0,0,0,0,0,0,0,0,0,0,0,0,0,0,0,0,0
2017-09-10,Queen Sirikit National Convention Centre,757,WD,Sunday,10,Mid,9,3,0,0,0,0,0,0,0,0,0,0,0,0,0,0,0,0,0,0,0,0,0,0,0,0,0,0,0,0,0,0,0,0
2017-09-11,Queen Sirikit National Convention Centre,2407,WE,Monday,11,Mid,9,3,0,0,0,0,0,0,0,0,0,0,0,0,0,0,0,0,0,0,0,0,0,0,0,0,0,0,0,0,0,0,0,0
2017-09-12,Queen Sirikit National Convention Centre,2310,WE,Tuesday,12,Mid,9,3,0,0,0,0,0,0,0,0,0,0,0,0,0,0,0,0,0,0,0,0,0,0,0,0,0,0,0,0,0,0,0,0
2017-09-13,Queen Sirikit National Convention Centre,2416,WE,Wednesday,13,Mid,9,3,0,0,0,0,0,0,0,0,0,0,0,0,0,0,0,0,0,0,0,0,0,0,0,0,0,0,0,0,0,0,0,0
2017-09-14,Queen Sirikit National Convention Centre,2560,WE,Thursday,14,Mid,9,3,0,0,0,0,0,1968,0,0,0,0,0,0,0,0,0,0,0,0,0,0,1,0,0,0,0,0,0,0,0,0,1968,1
2017-09-15,Queen Sirikit National Convention Centre,2668,WE,Friday,15,Mid,9,3,0,0,0,0,0,1968,0,0,0,5264,0,0,0,0,0,0,0,0,0,0,1,0,0,0,1,0,0,0,0,0,7232,2
2017-09-16,Queen Sirikit National Convention Centre,1313,WD,Saturday,16,Mid,9,3,0,0,0,0,0,1968,0,0,0,5264,0,0,0,0,0,0,0,0,0,0,1,0,0,0,1,0,0,0,0,0,7232,2
2017-09-17,Queen Sirikit National Convention Centre,1041,WD,Sunday,17,Mid,9,3,0,0,0,0,0,1968,0,0,0,5264,0,589,0,0,0,0,0,0,0,0,1,0,0,0,1,0,1,0,0,0,7821,3
2017-09-18,Queen Sirikit National Convention Centre,2333,WE,Monday,18,Mid,9,3,0,0,0,0,0,0,0,0,0,5264,0,722,0,0,0,0,0,0,0,0,0,0,0,0,1,0,1,0,0,0,5986,2
2017-09-19,Queen Sirikit National Convention Centre,2327,WE,Tuesday,19,Mid,9,3,0,0,0,0,0,0,0,0,0,5264,0,722,0,0,0,0,0,0,0,0,0,0,0,0,1,0,1,0,0,0,5986,2
2017-09-20,Queen Sirikit National Convention Centre,2447,WE,Wednesday,20,Mid,9,3,0,0,1017,0,0,0,0,0,0,5264,0,722,0,0,0,0,0,1,0,0,0,0,0,0,1,0,1,0,0,0,7003,3
2017-09-21,Queen Sirikit National Convention Centre,2484,WE,Thursday,21,Mid,9,3,0,0,1017,0,0,0,0,0,0,5264,0,0,0,0,0,0,0,1,0,0,0,0,0,0,1,0,0,0,0,0,6281,2
2017-09-22,Queen Sirikit National Convention Centre,2727,WE,Friday,22,Mid,9,3,0,0,2304,0,0,0,0,0,0,5264,0,0,0,0,0,0,0,1,0,0,0,0,0,0,1,0,0,0,0,0,7568,2
2017-09-23,Queen Sirikit National Convention Centre,1231,WD,Saturday,23,Mid,9,3,0,0,2304,0,0,0,0,0,837,5264,0,0,0,0,0,0,0,1,0,0,0,0,0,1,1,0,0,0,0,0,8405,3
2017-09-24,Queen Sirikit National Convention Centre,977,WD,Sunday,24,Mid,9,3,0,0,2304,0,0,0,0,0,837,5264,0,0,0,0,0,0,0,1,0,0,0,0,0,1,1,0,0,0,0,0,8405,3
2017-09-25,Queen Sirikit National Convention Centre,2213,WE,Monday,25,Late,9,3,0,0,0,0,0,0,0,0,0,0,0,0,0,0,0,0,0,0,0,0,0,0,0,0,0,0,0,0,0,0,0,0
2017-09-26,Queen Sirikit National Convention Centre,2246,WE,Tuesday,26,Late,9,3,0,0,0,0,0,0,0,0,0,0,0,0,0,0,0,0,0,0,0,0,0,0,0,0,0,0,0,0,0,0,0,0
2017-09-27,Queen Sirikit National Convention Centre,2349,WE,Wednesday,27,Late,9,3,0,0,0,0,0,0,0,0,0,0,0,0,0,0,0,0,0,0,0,0,0,0,0,0,0,0,0,0,0,0,0,0
2017-09-28,Queen Sirikit National Convention Centre,4986,WE,Thursday,28,Late,9,3,0,0,0,0,0,0,0,5390,0,4592,0,0,0,0,0,0,0,0,0,0,0,0,1,0,1,0,0,0,0,0,9982,2
2017-09-29,Queen Sirikit National Convention Centre,5330,WE,Friday,29,Late,9,3,0,0,0,0,0,0,0,5390,0,4592,0,0,0,0,0,0,0,0,0,0,0,0,1,0,1,0,0,0,0,0,9982,2
2017-09-30,Queen Sirikit National Convention Centre,5302,WD,Saturday,30,Late,9,3,0,0,0,0,0,0,0,5390,0,4592,0,0,0,0,0,0,0,0,0,0,0,0,1,0,1,0,0,0,0,0,9982,2
2017-10-01,Queen Sirikit National Convention Centre,5206,WE,Sunday,1,Early,10,4,0,0,0,0,0,0,0,5390,0,4592,0,0,0,0,0,0,0,0,0,0,0,0,1,0,1,0,0,0,0,0,9982,2
2017-10-02,Queen Sirikit National Convention Centre,2318,PH,Monday,2,Early,10,4,0,0,0,0,0,0,0,0,0,0,0,0,0,0,0,0,0,0,0,0,0,0,0,0,0,0,0,0,0,0,0,0
2017-10-03,Queen Sirikit National Convention Centre,2384,PH,Tuesday,3,Early,10,4,0,0,0,0,0,0,0,0,0,0,0,0,0,0,0,0,0,0,0,0,0,0,0,0,0,0,0,0,0,0,0,0
2017-10-04,Queen Sirikit National Convention Centre,2348,PH,Wednesday,4,Early,10,4,0,0,0,0,0,0,0,0,0,0,0,0,0,0,0,0,0,0,0,0,0,0,0,0,0,0,0,0,0,0,0,0
2017-10-05,Queen Sirikit National Convention Centre,2720,PH,Thursday,5,Early,10,4,0,0,0,0,0,0,0,0,0,0,4372,0,0,0,0,0,0,0,0,0,0,0,0,0,0,1,0,0,0,0,4372,1
2017-10-06,Queen Sirikit National Convention Centre,2711,PH,Friday,6,Mid,10,4,0,0,0,0,0,0,0,2542,0,0,4372,0,0,0,0,0,0,0,0,0,0,0,1,0,0,1,0,0,0,0,6914,2
2017-10-07,Queen Sirikit National Convention Centre,1672,WE,Saturday,7,Mid,10,4,0,0,0,0,0,0,0,2542,0,0,4372,0,0,0,0,0,0,0,0,0,0,0,1,0,0,1,0,0,0,0,6914,2
2017-10-08,Queen Sirikit National Convention Centre,1332,WE,Sunday,8,Mid,10,4,0,0,0,0,0,0,0,2542,0,0,4372,0,0,0,0,0,0,0,0,0,0,0,1,0,0,1,0,0,0,0,6914,2
2017-10-09,Queen Sirikit National Convention Centre,2261,PH,Monday,9,Mid,10,4,0,0,0,0,0,0,0,2542,0,0,0,0,0,0,0,0,0,0,0,0,0,0,1,0,0,0,0,0,0,0,2542,1
2017-10-10,Queen Sirikit National Convention Centre,2425,PH,Tuesday,10,Mid,10,4,0,0,0,3485,0,0,0,0,0,0,0,0,0,0,0,0,0,0,1,0,0,0,0,0,0,0,0,0,0,0,3485,1
2017-10-11,Queen Sirikit National Convention Centre,2451,PH,Wednesday,11,Mid,10,4,0,0,0,3485,0,0,0,0,0,0,0,0,0,0,0,0,0,0,1,0,0,0,0,0,0,0,0,0,0,0,3485,1
2017-10-12,Queen Sirikit National Convention Centre,2349,PH,Thursday,12,Mid,10,4,0,0,0,3485,0,0,0,0,0,0,0,0,0,0,0,0,0,0,1,0,0,0,0,0,0,0,0,0,0,0,3485,1
2017-10-13,Queen Sirikit National Convention Centre,709,WD,Friday,13,Mid,10,4,0,0,0,0,0,0,0,0,0,0,0,0,0,0,0,0,0,0,0,0,0,0,0,0,0,0,0,0,0,0,0,0
2017-10-14,Queen Sirikit National Convention Centre,827,WE,Saturday,14,Mid,10,4,0,0,0,0,0,0,0,0,0,0,0,0,0,0,0,0,0,0,0,0,0,0,0,0,0,0,0,0,0,0,0,0
2017-10-15,Queen Sirikit National Convention Centre,731,WE,Sunday,15,Mid,10,4,0,0,0,0,0,0,0,0,0,0,0,0,0,0,0,0,0,0,0,0,0,0,0,0,0,0,0,0,0,0,0,0
2017-10-16,Queen Sirikit National Convention Centre,2206,PH,Monday,16,Mid,10,4,0,0,0,0,0,0,0,0,0,0,0,0,0,0,0,0,0,0,0,0,0,0,0,0,0,0,0,0,0,0,0,0
2017-10-17,Queen Sirikit National Convention Centre,2476,PH,Tuesday,17,Mid,10,4,0,0,0,0,0,0,0,0,0,0,0,0,0,0,0,0,0,0,0,0,0,0,0,0,0,0,0,0,0,0,0,0
2017-10-18,Queen Sirikit National Convention Centre,5408,PH,Wednesday,18,Mid,10,4,0,26771,0,0,0,0,0,0,0,0,0,0,0,0,0,0,1,0,0,0,0,0,0,0,0,0,0,0,0,0,26771,1
2017-10-19,Queen Sirikit National Convention Centre,5515,PH,Thursday,19,Mid,10,4,0,26771,0,0,0,0,0,0,0,0,0,0,0,0,0,0,1,0,0,0,0,0,0,0,0,0,0,0,0,0,26771,1
2017-10-20,Queen Sirikit National Convention Centre,5902,PH,Friday,20,Mid,10,4,0,26771,0,0,0,0,0,0,0,0,0,0,0,0,0,0,1,0,0,0,0,0,0,0,0,0,0,0,0,0,26771,1
2017-10-21,Queen Sirikit National Convention Centre,6586,WE,Saturday,21,Mid,10,4,0,26771,0,0,0,0,0,0,0,0,0,0,0,0,0,0,1,0,0,0,0,0,0,0,0,0,0,0,0,0,26771,1
2017-10-22,Queen Sirikit National Convention Centre,5812,WE,Sunday,22,Mid,10,4,0,26771,0,0,0,0,0,0,0,0,0,0,0,0,0,0,1,0,0,0,0,0,0,0,0,0,0,0,0,0,26771,1
2017-10-23,Queen Sirikit National Convention Centre,4785,WD,Monday,23,Mid,10,4,0,26771,0,0,0,0,0,0,0,0,0,0,0,0,0,0,1,0,0,0,0,0,0,0,0,0,0,0,0,0,26771,1
2017-10-24,Queen Sirikit National Convention Centre,4805,PH,Tuesday,24,Mid,10,4,0,26771,0,0,0,0,0,0,0,0,0,0,0,0,0,0,1,0,0,0,0,0,0,0,0,0,0,0,0,0,26771,1
2017-10-25,Queen Sirikit National Convention Centre,5374,PH,Wednesday,25,Late,10,4,0,26771,0,0,0,0,0,0,0,0,0,0,0,0,0,0,1,0,0,0,0,0,0,0,0,0,0,0,0,0,26771,1
2017-10-27,Queen Sirikit National Convention Centre,5367,PH,Friday,27,Late,10,4,0,26771,0,0,0,0,0,0,0,0,0,0,0,0,0,0,1,0,0,0,0,0,0,0,0,0,0,0,0,0,26771,1
2017-10-28,Queen Sirikit National Convention Centre,5611,WE,Saturday,28,Late,10,4,0,26771,0,0,0,0,0,0,0,0,0,0,0,0,0,0,1,0,0,0,0,0,0,0,0,0,0,0,0,0,26771,1
2017-10-29,Queen Sirikit National Convention Centre,4171,WE,Sunday,29,Late,10,4,0,26771,0,0,0,0,0,0,0,0,0,0,0,0,0,0,1,0,0,0,0,0,0,0,0,0,0,0,0,0,26771,1
2017-10-30,Queen Sirikit National Convention Centre,2314,PH,Monday,30,Late,10,4,0,0,0,0,0,0,0,0,0,0,0,0,0,0,0,0,0,0,0,0,0,0,0,0,0,0,0,0,0,0,0,0
2017-10-31,Queen Sirikit National Convention Centre,2375,PH,Tuesday,31,Late,10,4,0,0,0,0,0,0,0,0,0,0,0,0,0,0,0,0,0,0,0,0,0,0,0,0,0,0,0,0,0,0,0,0
2017-11-01,Queen Sirikit National Convention Centre,2407,WE,Wednesday,1,Early,11,4,0,0,0,0,0,0,0,0,0,0,0,0,0,0,0,0,0,0,0,0,0,0,0,0,0,0,0,0,0,0,0,0
2017-11-02,Queen Sirikit National Convention Centre,3542,WE,Thursday,2,Early,11,4,0,0,0,0,0,0,0,0,0,6858,0,0,0,0,0,0,0,0,0,0,0,0,0,0,1,0,0,0,0,0,6858,1
2017-11-03,Queen Sirikit National Convention Centre,4032,WE,Friday,3,Early,11,4,0,0,2666,0,0,0,0,0,0,6858,0,0,0,0,0,0,0,1,0,0,0,0,0,0,1,0,0,0,0,0,9524,2
2017-11-04,Queen Sirikit National Convention Centre,2876,WD,Saturday,4,Early,11,4,0,0,0,0,0,0,0,0,0,6858,0,0,0,0,0,0,0,0,0,0,0,0,0,0,1,0,0,0,0,0,6858,1
2017-11-05,Queen Sirikit National Convention Centre,2457,WD,Sunday,5,Early,11,4,0,0,0,0,0,0,0,0,0,6858,0,0,0,0,0,0,0,0,0,0,0,0,0,0,1,0,0,0,0,0,6858,1
2017-11-06,Queen Sirikit National Convention Centre,2290,WE,Monday,6,Mid,11,4,0,0,0,0,0,0,0,0,0,0,0,0,0,0,0,0,0,0,0,0,0,0,0,0,0,0,0,0,0,0,0,0
2017-11-07,Queen Sirikit National Convention Centre,2420,WE,Tuesday,7,Mid,11,4,0,0,0,0,0,0,0,0,0,0,0,0,0,0,0,0,0,0,0,0,0,0,0,0,0,0,0,0,0,0,0,0
2017-11-08,Queen Sirikit National Convention Centre,2479,WE,Wednesday,8,Mid,11,4,0,0,0,0,0,0,0,1224,0,0,0,0,0,0,0,0,0,0,0,0,0,0,1,0,0,0,0,0,0,0,1224,1
2017-11-09,Queen Sirikit National Convention Centre,3648,WE,Thursday,9,Mid,11,4,0,0,0,0,5358,3634,0,1224,0,0,0,0,0,0,0,0,0,0,0,1,1,0,1,0,0,0,0,0,0,0,10216,3
2017-11-10,Queen Sirikit National Convention Centre,3560,WE,Friday,10,Mid,11,4,0,0,0,0,5358,3634,0,1224,0,0,0,0,0,0,0,0,0,0,0,1,1,0,1,0,0,0,0,0,0,0,10216,3
2017-11-11,Queen Sirikit National Convention Centre,2245,WD,Saturday,11,Mid,11,4,0,0,0,0,5358,3634,0,1224,0,0,0,0,0,0,0,0,0,0,0,1,1,0,1,0,0,0,0,0,0,0,10216,3
2017-11-12,Queen Sirikit National Convention Centre,1822,WD,Sunday,12,Mid,11,4,0,0,0,0,5358,3634,0,1224,0,0,0,0,0,0,0,0,0,0,0,1,1,0,1,0,0,0,0,0,0,0,10216,3
2017-11-13,Queen Sirikit National Convention Centre,2417,WE,Monday,13,Mid,11,4,0,0,0,0,0,0,0,0,0,0,0,0,0,0,0,0,0,0,0,0,0,0,0,0,0,0,0,0,0,0,0,0
2017-11-14,Queen Sirikit National Convention Centre,2497,WE,Tuesday,14,Mid,11,4,0,0,0,0,0,0,0,0,0,0,0,0,0,0,0,0,0,0,0,0,0,0,0,0,0,0,0,0,0,0,0,0
2017-11-15,Queen Sirikit National Convention Centre,2561,WE,Wednesday,15,Mid,11,4,0,0,0,0,0,0,0,0,0,0,0,0,0,0,0,0,0,0,0,0,0,0,0,0,0,0,0,0,0,0,0,0
2017-11-16,Queen Sirikit National Convention Centre,2750,WE,Thursday,16,Mid,11,4,0,0,2350,0,0,0,0,0,0,0,0,1462,0,0,0,0,0,1,0,0,0,0,0,0,0,0,1,0,0,0,3812,2
2017-11-17,Queen Sirikit National Convention Centre,2737,WE,Friday,17,Mid,11,4,0,0,2350,0,0,0,0,0,0,0,0,1462,0,0,0,0,0,1,0,0,0,0,0,0,0,0,1,0,0,0,3812,2
2017-11-18,Queen Sirikit National Convention Centre,1310,WD,Saturday,18,Mid,11,4,0,0,2350,0,0,0,0,0,0,0,0,1462,0,0,0,0,0,1,0,0,0,0,0,0,0,0,1,0,0,0,3812,2
2017-11-19,Queen Sirikit National Convention Centre,756,WD,Sunday,19,Mid,11,4,0,0,0,0,0,0,0,0,0,0,0,0,0,0,0,0,0,0,0,0,0,0,0,0,0,0,0,0,0,0,0,0
2017-11-20,Queen Sirikit National Convention Centre,2378,WE,Monday,20,Mid,11,4,0,0,0,0,0,0,1788,0,0,0,0,1232,0,0,0,0,0,0,0,0,0,1,0,0,0,0,1,0,0,0,3020,2
2017-11-21,Queen Sirikit National Convention Centre,2402,WE,Tuesday,21,Mid,11,4,0,0,0,0,0,0,1788,0,0,0,0,1232,0,0,0,0,0,0,0,0,0,1,0,0,0,0,1,0,0,0,3020,2
2017-11-22,Queen Sirikit National Convention Centre,2380,WE,Wednesday,22,Mid,11,4,0,0,0,0,0,0,0,0,0,0,0,1232,0,0,0,0,0,0,0,0,0,0,0,0,0,0,1,0,0,0,1232,1
2017-11-23,Queen Sirikit National Convention Centre,2363,WE,Thursday,23,Mid,11,4,0,0,0,0,0,0,0,0,0,0,0,0,0,0,0,0,0,0,0,0,0,0,0,0,0,0,0,0,0,0,0,0
2017-11-24,Queen Sirikit National Convention Centre,2647,WE,Friday,24,Mid,11,4,0,0,2189,0,0,0,0,1411,0,0,0,0,0,0,0,0,0,1,0,0,0,0,1,0,0,0,0,0,0,0,3600,2
2017-11-25,Queen Sirikit National Convention Centre,1205,WD,Saturday,25,Late,11,4,0,0,2189,0,0,0,0,1411,0,0,0,0,0,0,0,0,0,1,0,0,0,0,1,0,0,0,0,0,0,0,3600,2
2017-11-26,Queen Sirikit National Convention Centre,930,WD,Sunday,26,Late,11,4,0,0,0,0,0,0,0,0,0,0,0,0,0,0,0,0,0,0,0,0,0,0,0,0,0,0,0,0,0,0,0,0
2017-11-27,Queen Sirikit National Convention Centre,2298,WE,Monday,27,Late,11,4,0,0,0,0,0,0,0,0,0,0,0,0,0,0,0,0,0,0,0,0,0,0,0,0,0,0,0,0,0,0,0,0
2017-11-28,Queen Sirikit National Convention Centre,2342,WE,Tuesday,28,Late,11,4,0,0,0,0,0,0,0,0,0,0,0,0,0,0,0,0,0,0,0,0,0,0,0,0,0,0,0,0,0,0,0,0
2017-11-29,Queen Sirikit National Convention Centre,2384,WE,Wednesday,29,Late,11,4,0,0,0,0,0,0,0,0,0,0,0,1616,0,0,0,0,0,0,0,0,0,0,0,0,0,0,1,0,0,0,1616,1
2017-11-30,Queen Sirikit National Convention Centre,2419,WE,Thursday,30,Late,11,4,0,0,0,0,0,0,0,0,0,0,0,1616,0,0,0,0,0,0,0,0,0,0,0,0,0,0,1,0,0,0,1616,1
2017-12-01,Queen Sirikit National Convention Centre,2512,WE,Friday,1,Early,12,4,0,0,1872,0,0,0,0,0,0,0,0,0,0,0,0,0,0,1,0,0,0,0,0,0,0,0,0,0,0,0,1872,1
2017-12-02,Queen Sirikit National Convention Centre,1160,PH,Saturday,2,Early,12,4,0,0,1872,0,0,0,0,0,0,0,1989,0,0,0,0,0,0,1,0,0,0,0,0,0,0,1,0,0,0,0,3861,2
2017-12-03,Queen Sirikit National Convention Centre,978,PH,Sunday,3,Early,12,4,0,0,1872,0,0,0,0,0,0,0,1989,0,0,0,0,0,0,1,0,0,0,0,0,0,0,1,0,0,0,0,3861,2
2017-12-04,Queen Sirikit National Convention Centre,2173,WE,Monday,4,Early,12,4,0,0,0,0,0,0,0,0,0,0,1989,0,0,0,0,0,0,0,0,0,0,0,0,0,0,1,0,0,0,0,1989,1
2017-12-05,Queen Sirikit National Convention Centre,715,WD,Tuesday,5,Early,12,4,0,0,0,0,0,0,0,0,0,0,0,0,0,0,0,0,0,0,0,0,0,0,0,0,0,0,0,0,0,0,0,0
2017-12-06,Queen Sirikit National Convention Centre,2350,WE,Wednesday,6,Mid,12,4,0,0,0,0,0,0,0,0,0,0,0,0,0,0,0,0,0,0,0,0,0,0,0,0,0,0,0,0,0,0,0,0
2017-12-07,Queen Sirikit National Convention Centre,2328,WE,Thursday,7,Mid,12,4,2053,0,0,0,0,0,0,0,0,0,0,0,0,0,0,1,0,0,0,0,0,0,0,0,0,0,0,0,0,0,2053,1
2017-12-08,Queen Sirikit National Convention Centre,2427,WE,Friday,8,Mid,12,4,2053,0,0,0,0,0,0,0,0,0,0,0,0,0,0,1,0,0,0,0,0,0,0,0,0,0,0,0,0,0,2053,1
2017-12-09,Queen Sirikit National Convention Centre,969,PH,Saturday,9,Mid,12,4,0,0,0,0,0,0,0,0,0,0,0,0,0,0,0,0,0,0,0,0,0,0,0,0,0,0,0,0,0,0,0,0
2017-12-10,Queen Sirikit National Convention Centre,745,PH,Sunday,10,Mid,12,4,0,0,0,0,0,0,0,0,0,0,0,0,0,0,0,0,0,0,0,0,0,0,0,0,0,0,0,0,0,0,0,0
2017-12-11,Queen Sirikit National Convention Centre,961,WD,Monday,11,Mid,12,4,0,0,0,0,0,0,0,0,0,0,0,0,0,0,0,0,0,0,0,0,0,0,0,0,0,0,0,0,0,0,0,0
2017-12-12,Queen Sirikit National Convention Centre,2319,WE,Tuesday,12,Mid,12,4,0,0,0,0,0,0,0,0,0,0,0,0,0,0,0,0,0,0,0,0,0,0,0,0,0,0,0,0,0,0,0,0
2017-12-13,Queen Sirikit National Convention Centre,2507,WE,Wednesday,13,Mid,12,4,0,0,0,0,0,0,0,11571,0,0,0,0,0,0,0,0,0,0,0,0,0,0,1,0,0,0,0,0,0,0,11571,1
2017-12-14,Queen Sirikit National Convention Centre,2848,WE,Thursday,14,Mid,12,4,0,0,0,0,0,0,0,13577,0,0,0,0,0,3315,0,0,0,0,0,0,0,0,1,0,0,0,0,0,1,0,16892,2
2017-12-15,Queen Sirikit National Convention Centre,2876,WE,Friday,15,Mid,12,4,0,0,0,0,0,0,0,13577,0,0,0,0,0,3315,0,0,0,0,0,0,0,0,1,0,0,0,0,0,1,0,16892,2
2017-12-16,Queen Sirikit National Convention Centre,1835,PH,Saturday,16,Mid,12,4,0,0,0,0,0,0,0,13577,0,0,0,0,0,3315,0,0,0,0,0,0,0,0,1,0,0,0,0,0,1,0,16892,2
2017-12-17,Queen Sirikit National Convention Centre,1522,PH,Sunday,17,Mid,12,4,0,0,0,0,0,0,0,13577,0,0,0,0,0,3315,0,0,0,0,0,0,0,0,1,0,0,0,0,0,1,0,16892,2
2017-12-18,Queen Sirikit National Convention Centre,2243,WE,Monday,18,Mid,12,4,0,0,0,0,0,0,0,0,0,0,0,0,0,0,0,0,0,0,0,0,0,0,0,0,0,0,0,0,0,0,0,0
2017-12-19,Queen Sirikit National Convention Centre,2392,WE,Tuesday,19,Mid,12,4,0,0,0,0,0,0,0,0,0,0,0,0,0,0,0,0,0,0,0,0,0,0,0,0,0,0,0,0,0,0,0,0
2017-12-20,Queen Sirikit National Convention Centre,2482,WE,Wednesday,20,Mid,12,4,0,0,0,0,0,0,0,0,0,0,0,0,0,0,0,0,0,0,0,0,0,0,0,0,0,0,0,0,0,0,0,0
2017-12-21,Queen Sirikit National Convention Centre,2338,WE,Thursday,21,Mid,12,4,0,0,0,0,0,0,0,0,0,0,0,0,0,0,0,0,0,0,0,0,0,0,0,0,0,0,0,0,0,0,0,0
2017-12-22,Queen Sirikit National Convention Centre,2338,WE,Friday,22,Mid,12,4,0,0,0,0,0,0,0,0,0,0,0,0,0,0,0,0,0,0,0,0,0,0,0,0,0,0,0,0,0,0,0,0
2017-12-23,Queen Sirikit National Convention Centre,1013,PH,Saturday,23,Mid,12,4,0,0,0,0,0,0,0,0,0,0,0,0,0,0,0,0,0,0,0,0,0,0,0,0,0,0,0,0,0,0,0,0
2017-12-24,Queen Sirikit National Convention Centre,788,PH,Sunday,24,Mid,12,4,0,0,0,0,0,0,0,0,0,0,0,0,0,0,0,0,0,0,0,0,0,0,0,0,0,0,0,0,0,0,0,0
2017-12-25,Queen Sirikit National Convention Centre,2100,WE,Monday,25,Late,12,4,0,0,0,0,0,0,0,0,0,0,0,0,0,0,0,0,0,0,0,0,0,0,0,0,0,0,0,0,0,0,0,0
2017-12-26,Queen Sirikit National Convention Centre,2145,WE,Tuesday,26,Late,12,4,0,0,0,0,0,0,0,0,0,0,0,0,0,0,0,0,0,0,0,0,0,0,0,0,0,0,0,0,0,0,0,0
2017-12-27,Queen Sirikit National Convention Centre,1859,WE,Wednesday,27,Late,12,4,0,0,0,0,0,0,0,0,0,0,0,0,0,0,0,0,0,0,0,0,0,0,0,0,0,0,0,0,0,0,0,0
2017-12-28,Queen Sirikit National Convention Centre,1829,WE,Thursday,28,Late,12,4,0,0,0,0,0,0,0,0,0,0,0,0,0,0,0,0,0,0,0,0,0,0,0,0,0,0,0,0,0,0,0,0
2017-12-29,Queen Sirikit National Convention Centre,1619,WE,Friday,29,Late,12,4,0,0,0,0,0,0,0,0,0,0,0,0,0,0,0,0,0,0,0,0,0,0,0,0,0,0,0,0,0,0,0,0
2017-12-30,Queen Sirikit National Convention Centre,625,PH,Saturday,30,Late,12,4,0,0,0,0,0,0,0,0,0,0,0,0,0,0,0,0,0,0,0,0,0,0,0,0,0,0,0,0,0,0,0,0
2017-12-31,Queen Sirikit National Convention Centre,556,PH,Sunday,31,Late,12,4,0,0,0,0,0,0,0,0,0,0,0,0,0,0,0,0,0,0,0,0,0,0,0,0,0,0,0,0,0,0,0,0
2017-12-31,Queen Sirikit National Convention Centre,631,PH,Sunday,31,Late,12,4,0,0,0,0,0,0,0,0,0,0,0,0,0,0,0,0,0,0,0,0,0,0,0,0,0,0,0,0,0,0,0,0
