TransactionDate,StationName,PassengerCount,DayType,DateOfWeek,DayNumberOfMonth,MonthPeriod,MonthNumberOfYear,CalendarQuater,Interest_Agriculture,Interest_Books,Interest_Business,Interest_Education,Interest_Family,Interest_Fasion,Interest_Foods,Interest_General,Interest_Health,Interest_IT,Interest_Residence,Interest_Seminar,Interest_Sports,Interest_Travel,Interest_Vehnicle,EventsGroup_Agriculture,EventsGroup_Books,EventsGroup_Business,EventsGroup_Education,EventsGroup_Family,EventsGroup_Fasion,EventsGroup_Foods,EventsGroup_General,EventsGroup_Health,EventsGroup_IT,EventsGroup_Residence,EventsGroup_Seminar,EventsGroup_Sports,EventsGroup_Travel,EventsGroup_Vehnicle,Interest_Total,Events_Total
2017-01-01,Phra Ram 9,591,WE,Sunday,1,Early,1,1,0,0,0,0,0,0,0,0,0,0,0,0,0,0,0,0,0,0,0,0,0,0,0,0,0,0,0,0,0,0,0,0
2017-01-02,Phra Ram 9,877,PH,Monday,2,Early,1,1,0,0,0,0,0,0,0,0,0,0,0,0,0,0,0,0,0,0,0,0,0,0,0,0,0,0,0,0,0,0,0,0
2017-01-03,Phra Ram 9,1468,PH,Tuesday,3,Early,1,1,0,0,0,0,0,0,0,0,0,0,0,0,0,0,0,0,0,0,0,0,0,0,0,0,0,0,0,0,0,0,0,0
2017-01-04,Phra Ram 9,2993,WD,Wednesday,4,Early,1,1,0,0,0,0,0,0,0,0,0,0,0,0,0,0,0,0,0,0,0,0,0,0,0,0,0,0,0,0,0,0,0,0
2017-01-05,Phra Ram 9,3101,WD,Thursday,5,Early,1,1,0,0,0,0,0,0,0,0,0,0,0,0,0,0,0,0,0,0,0,0,0,0,0,0,0,0,0,0,0,0,0,0
2017-01-06,Phra Ram 9,3160,WD,Friday,6,Mid,1,1,0,0,0,0,0,0,0,0,0,0,0,0,0,0,0,0,0,0,0,0,0,0,0,0,0,0,0,0,0,0,0,0
2017-01-07,Phra Ram 9,1566,WE,Saturday,7,Mid,1,1,0,0,0,0,0,0,0,0,0,0,0,0,0,0,0,0,0,0,0,0,0,0,0,0,0,0,0,0,0,0,0,0
2017-01-08,Phra Ram 9,1210,WE,Sunday,8,Mid,1,1,0,0,0,0,0,0,0,0,0,0,0,0,0,0,0,0,0,0,0,0,0,0,0,0,0,0,0,0,0,0,0,0
2017-01-09,Phra Ram 9,3237,WD,Monday,9,Mid,1,1,0,0,0,0,0,0,0,0,0,0,0,0,0,0,0,0,0,0,0,0,0,0,0,0,0,0,0,0,0,0,0,0
2017-01-10,Phra Ram 9,3318,WD,Tuesday,10,Mid,1,1,0,0,0,0,0,0,0,0,0,0,0,0,0,0,0,0,0,0,0,0,0,0,0,0,0,0,0,0,0,0,0,0
2017-01-11,Phra Ram 9,3324,WD,Wednesday,11,Mid,1,1,0,0,0,0,0,0,0,0,0,0,0,0,0,0,0,0,0,0,0,0,0,0,0,0,0,0,0,0,0,0,0,0
2017-01-12,Phra Ram 9,2950,WD,Thursday,12,Mid,1,1,0,0,0,0,0,0,0,1228,0,0,0,0,0,0,0,0,0,0,0,0,0,0,1,0,0,0,0,0,0,0,1228,1
2017-01-13,Phra Ram 9,3393,WD,Friday,13,Mid,1,1,0,0,0,0,0,0,0,1228,0,0,0,0,0,0,0,0,0,0,0,0,0,0,1,0,0,0,0,0,0,0,1228,1
2017-01-14,Phra Ram 9,1709,WE,Saturday,14,Mid,1,1,0,0,0,0,0,0,0,1228,0,0,0,0,0,0,0,0,0,0,0,0,0,0,1,0,0,0,0,0,0,0,1228,1
2017-01-15,Phra Ram 9,1373,WE,Sunday,15,Mid,1,1,0,0,0,0,0,0,0,2804,0,0,0,0,0,0,0,0,0,0,0,0,0,0,1,0,0,0,0,0,0,0,2804,1
2017-01-16,Phra Ram 9,3183,WD,Monday,16,Mid,1,1,0,0,0,0,0,0,0,2804,0,0,0,0,0,0,0,0,0,0,0,0,0,0,1,0,0,0,0,0,0,0,2804,1
2017-01-17,Phra Ram 9,3311,WD,Tuesday,17,Mid,1,1,0,0,0,0,0,0,0,2804,0,0,0,0,0,0,0,0,0,0,0,0,0,0,1,0,0,0,0,0,0,0,2804,1
2017-01-18,Phra Ram 9,3306,WD,Wednesday,18,Mid,1,1,0,0,0,0,0,0,0,2804,0,0,0,0,0,0,0,0,0,0,0,0,0,0,1,0,0,0,0,0,0,0,2804,1
2017-01-19,Phra Ram 9,3291,WD,Thursday,19,Mid,1,1,0,0,0,0,0,0,0,2804,0,0,0,0,0,0,0,0,0,0,0,0,0,0,1,0,0,0,0,0,0,0,2804,1
2017-01-20,Phra Ram 9,3449,WD,Friday,20,Mid,1,1,0,0,0,0,0,0,0,1576,0,0,0,0,0,0,0,0,0,0,0,0,0,0,1,0,0,0,0,0,0,0,1576,1
2017-01-21,Phra Ram 9,1721,WE,Saturday,21,Mid,1,1,0,0,0,0,0,0,0,1576,0,0,0,0,0,0,0,0,0,0,0,0,0,0,1,0,0,0,0,0,0,0,1576,1
2017-01-22,Phra Ram 9,1272,WE,Sunday,22,Mid,1,1,0,0,0,0,0,0,0,1576,0,0,0,0,0,0,0,0,0,0,0,0,0,0,1,0,0,0,0,0,0,0,1576,1
2017-01-23,Phra Ram 9,3181,WD,Monday,23,Mid,1,1,0,0,0,0,0,0,0,0,0,0,0,0,0,0,0,0,0,0,0,0,0,0,0,0,0,0,0,0,0,0,0,0
2017-01-24,Phra Ram 9,3294,WD,Tuesday,24,Mid,1,1,0,0,0,0,0,0,0,0,0,0,0,0,0,0,0,0,0,0,0,0,0,0,0,0,0,0,0,0,0,0,0,0
2017-01-25,Phra Ram 9,3469,WD,Wednesday,25,Late,1,1,0,0,0,0,0,0,0,0,0,0,0,0,0,0,0,0,0,0,0,0,0,0,0,0,0,0,0,0,0,0,0,0
2017-01-26,Phra Ram 9,3249,WD,Thursday,26,Late,1,1,0,0,0,0,0,0,0,0,0,0,0,0,0,0,0,0,0,0,0,0,0,0,0,0,0,0,0,0,0,0,0,0
2017-01-27,Phra Ram 9,3204,WD,Friday,27,Late,1,1,0,0,0,0,0,0,0,0,0,0,0,0,0,0,0,0,0,0,0,0,0,0,0,0,0,0,0,0,0,0,0,0
2017-01-28,Phra Ram 9,1699,WE,Saturday,28,Late,1,1,0,0,0,0,0,0,0,0,0,0,0,0,0,0,0,0,0,0,0,0,0,0,0,0,0,0,0,0,0,0,0,0
2017-01-29,Phra Ram 9,1257,WE,Sunday,29,Late,1,1,0,0,0,0,0,0,0,0,0,0,0,0,0,0,0,0,0,0,0,0,0,0,0,0,0,0,0,0,0,0,0,0
2017-01-30,Phra Ram 9,3002,WD,Monday,30,Late,1,1,0,0,0,0,0,0,0,0,0,0,0,0,0,0,0,0,0,0,0,0,0,0,0,0,0,0,0,0,0,0,0,0
2017-01-31,Phra Ram 9,3178,WD,Tuesday,31,Late,1,1,0,0,0,0,0,0,0,0,0,0,0,0,0,0,0,0,0,0,0,0,0,0,0,0,0,0,0,0,0,0,0,0
2017-02-01,Phra Ram 9,3413,WE,Wednesday,1,Early,2,1,0,0,0,0,0,0,0,0,0,0,0,0,0,0,0,0,0,0,0,0,0,0,0,0,0,0,0,0,0,0,0,0
2017-02-02,Phra Ram 9,3353,WE,Thursday,2,Early,2,1,0,0,0,0,0,0,0,0,0,0,0,0,0,0,0,0,0,0,0,0,0,0,0,0,0,0,0,0,0,0,0,0
2017-02-03,Phra Ram 9,3465,WE,Friday,3,Early,2,1,0,0,0,0,0,0,0,0,0,0,0,0,0,0,0,0,0,0,0,0,0,0,0,0,0,0,0,0,0,0,0,0
2017-02-04,Phra Ram 9,1901,PH,Saturday,4,Early,2,1,0,0,0,0,0,0,0,0,0,0,0,0,0,0,0,0,0,0,0,0,0,0,0,0,0,0,0,0,0,0,0,0
2017-02-05,Phra Ram 9,1489,PH,Sunday,5,Early,2,1,0,0,0,0,0,0,0,0,0,0,0,0,0,0,0,0,0,0,0,0,0,0,0,0,0,0,0,0,0,0,0,0
2017-02-06,Phra Ram 9,3234,WE,Monday,6,Mid,2,1,0,0,0,0,0,0,0,0,0,0,0,0,0,0,0,0,0,0,0,0,0,0,0,0,0,0,0,0,0,0,0,0
2017-02-07,Phra Ram 9,3438,WE,Tuesday,7,Mid,2,1,0,0,0,0,0,0,0,0,0,0,0,0,0,0,0,0,0,0,0,0,0,0,0,0,0,0,0,0,0,0,0,0
2017-02-08,Phra Ram 9,3473,WE,Wednesday,8,Mid,2,1,0,0,0,0,0,0,0,0,0,0,0,0,0,0,0,0,0,0,0,0,0,0,0,0,0,0,0,0,0,0,0,0
2017-02-09,Phra Ram 9,3452,WE,Thursday,9,Mid,2,1,0,0,0,0,0,0,0,0,0,0,0,0,0,0,0,0,0,0,0,0,0,0,0,0,0,0,0,0,0,0,0,0
2017-02-10,Phra Ram 9,3473,WE,Friday,10,Mid,2,1,0,0,0,0,0,0,0,0,0,0,0,0,0,0,0,0,0,0,0,0,0,0,0,0,0,0,0,0,0,0,0,0
2017-02-11,Phra Ram 9,1520,PH,Saturday,11,Mid,2,1,0,0,0,0,0,0,0,0,0,0,0,0,0,0,0,0,0,0,0,0,0,0,0,0,0,0,0,0,0,0,0,0
2017-02-12,Phra Ram 9,1325,PH,Sunday,12,Mid,2,1,0,0,0,0,0,0,0,0,0,0,0,0,0,0,0,0,0,0,0,0,0,0,0,0,0,0,0,0,0,0,0,0
2017-02-13,Phra Ram 9,1263,WD,Monday,13,Mid,2,1,0,0,0,0,0,0,0,0,0,0,0,0,0,0,0,0,0,0,0,0,0,0,0,0,0,0,0,0,0,0,0,0
2017-02-14,Phra Ram 9,3488,WE,Tuesday,14,Mid,2,1,0,0,0,0,0,0,0,0,0,0,0,0,0,0,0,0,0,0,0,0,0,0,0,0,0,0,0,0,0,0,0,0
2017-02-15,Phra Ram 9,3432,WE,Wednesday,15,Mid,2,1,0,0,0,0,0,0,0,0,0,0,0,0,0,0,0,0,0,0,0,0,0,0,0,0,0,0,0,0,0,0,0,0
2017-02-16,Phra Ram 9,3446,WE,Thursday,16,Mid,2,1,0,0,0,0,0,0,0,0,0,0,0,0,0,0,0,0,0,0,0,0,0,0,0,0,0,0,0,0,0,0,0,0
2017-02-17,Phra Ram 9,3474,WE,Friday,17,Mid,2,1,0,0,0,0,0,0,0,0,0,0,0,0,0,0,0,0,0,0,0,0,0,0,0,0,0,0,0,0,0,0,0,0
2017-02-18,Phra Ram 9,1794,PH,Saturday,18,Mid,2,1,0,0,0,0,0,0,0,0,0,0,0,0,0,0,0,0,0,0,0,0,0,0,0,0,0,0,0,0,0,0,0,0
2017-02-19,Phra Ram 9,1432,PH,Sunday,19,Mid,2,1,0,0,0,0,0,0,0,0,0,0,0,0,0,0,0,0,0,0,0,0,0,0,0,0,0,0,0,0,0,0,0,0
2017-02-20,Phra Ram 9,3226,WE,Monday,20,Mid,2,1,0,0,0,0,0,0,0,0,0,0,0,0,0,0,0,0,0,0,0,0,0,0,0,0,0,0,0,0,0,0,0,0
2017-02-21,Phra Ram 9,3296,WE,Tuesday,21,Mid,2,1,0,0,0,0,0,0,0,0,0,0,0,0,0,0,0,0,0,0,0,0,0,0,0,0,0,0,0,0,0,0,0,0
2017-02-22,Phra Ram 9,3352,WE,Wednesday,22,Mid,2,1,0,0,0,0,0,0,0,0,0,0,0,0,0,0,0,0,0,0,0,0,0,0,0,0,0,0,0,0,0,0,0,0
2017-02-23,Phra Ram 9,3301,WE,Thursday,23,Mid,2,1,0,0,0,0,0,0,0,0,0,0,1611,0,0,0,0,0,0,0,0,0,0,0,0,0,0,1,0,0,0,0,1611,1
2017-02-24,Phra Ram 9,3447,WE,Friday,24,Mid,2,1,0,0,0,0,0,0,0,0,0,0,1611,0,0,0,0,0,0,0,0,0,0,0,0,0,0,1,0,0,0,0,1611,1
2017-02-25,Phra Ram 9,1726,PH,Saturday,25,Late,2,1,0,0,0,0,0,0,0,0,0,0,1611,0,0,0,0,0,0,0,0,0,0,0,0,0,0,1,0,0,0,0,1611,1
2017-02-26,Phra Ram 9,1341,PH,Sunday,26,Late,2,1,0,0,0,0,0,0,0,0,0,0,1611,0,0,0,0,0,0,0,0,0,0,0,0,0,0,1,0,0,0,0,1611,1
2017-02-27,Phra Ram 9,3340,WE,Monday,27,Late,2,1,0,0,0,0,0,0,0,0,0,0,1611,0,0,0,0,0,0,0,0,0,0,0,0,0,0,1,0,0,0,0,1611,1
2017-02-28,Phra Ram 9,3573,WE,Tuesday,28,Late,2,1,0,0,0,0,0,0,0,0,0,0,1611,0,0,0,0,0,0,0,0,0,0,0,0,0,0,1,0,0,0,0,1611,1
2017-03-01,Phra Ram 9,3550,WE,Wednesday,1,Early,3,1,0,0,0,0,0,0,0,0,0,0,1611,0,0,0,0,0,0,0,0,0,0,0,0,0,0,1,0,0,0,0,1611,1
2017-03-02,Phra Ram 9,3578,WE,Thursday,2,Early,3,1,0,0,0,0,0,0,0,0,0,0,0,0,0,0,0,0,0,0,0,0,0,0,0,0,0,0,0,0,0,0,0,0
2017-03-03,Phra Ram 9,3670,WE,Friday,3,Early,3,1,0,0,0,0,0,0,0,0,0,0,0,0,0,0,0,0,0,0,0,0,0,0,0,0,0,0,0,0,0,0,0,0
2017-03-04,Phra Ram 9,1887,WD,Saturday,4,Early,3,1,0,0,0,0,0,0,0,0,0,0,0,0,0,0,0,0,0,0,0,0,0,0,0,0,0,0,0,0,0,0,0,0
2017-03-05,Phra Ram 9,1505,WD,Sunday,5,Early,3,1,0,0,0,0,0,0,0,0,0,0,0,0,0,0,0,0,0,0,0,0,0,0,0,0,0,0,0,0,0,0,0,0
2017-03-06,Phra Ram 9,3274,WE,Monday,6,Mid,3,1,0,0,0,0,0,0,0,0,0,0,0,0,0,0,0,0,0,0,0,0,0,0,0,0,0,0,0,0,0,0,0,0
2017-03-07,Phra Ram 9,3386,WE,Tuesday,7,Mid,3,1,0,0,0,0,0,0,0,0,0,0,0,0,0,0,0,0,0,0,0,0,0,0,0,0,0,0,0,0,0,0,0,0
2017-03-08,Phra Ram 9,3376,WE,Wednesday,8,Mid,3,1,0,0,0,0,0,0,0,0,0,0,0,0,0,0,0,0,0,0,0,0,0,0,0,0,0,0,0,0,0,0,0,0
2017-03-09,Phra Ram 9,3366,WE,Thursday,9,Mid,3,1,0,0,0,0,0,0,0,0,0,0,0,0,0,0,0,0,0,0,0,0,0,0,0,0,0,0,0,0,0,0,0,0
2017-03-10,Phra Ram 9,3467,WE,Friday,10,Mid,3,1,0,0,0,0,0,0,0,0,0,0,0,0,0,0,0,0,0,0,0,0,0,0,0,0,0,0,0,0,0,0,0,0
2017-03-11,Phra Ram 9,1675,WD,Saturday,11,Mid,3,1,0,0,0,0,0,0,0,0,0,0,0,0,0,0,0,0,0,0,0,0,0,0,0,0,0,0,0,0,0,0,0,0
2017-03-12,Phra Ram 9,1364,WD,Sunday,12,Mid,3,1,0,0,0,0,0,0,0,0,0,0,0,0,0,0,0,0,0,0,0,0,0,0,0,0,0,0,0,0,0,0,0,0
2017-03-13,Phra Ram 9,3192,WE,Monday,13,Mid,3,1,0,0,0,0,0,0,0,0,0,0,0,0,0,0,0,0,0,0,0,0,0,0,0,0,0,0,0,0,0,0,0,0
2017-03-14,Phra Ram 9,3259,WE,Tuesday,14,Mid,3,1,0,0,0,0,0,0,0,0,0,0,0,0,0,0,0,0,0,0,0,0,0,0,0,0,0,0,0,0,0,0,0,0
2017-03-15,Phra Ram 9,3471,WE,Wednesday,15,Mid,3,1,0,0,0,0,0,0,0,0,0,0,0,0,0,0,0,0,0,0,0,0,0,0,0,0,0,0,0,0,0,0,0,0
2017-03-16,Phra Ram 9,3446,WE,Thursday,16,Mid,3,1,0,0,0,0,0,0,0,0,0,0,0,0,0,0,0,0,0,0,0,0,0,0,0,0,0,0,0,0,0,0,0,0
2017-03-17,Phra Ram 9,3451,WE,Friday,17,Mid,3,1,0,0,0,0,0,0,0,0,0,0,0,0,0,0,0,0,0,0,0,0,0,0,0,0,0,0,0,0,0,0,0,0
2017-03-18,Phra Ram 9,1708,WD,Saturday,18,Mid,3,1,0,0,0,0,0,0,0,0,0,0,0,0,0,0,0,0,0,0,0,0,0,0,0,0,0,0,0,0,0,0,0,0
2017-03-19,Phra Ram 9,1405,WD,Sunday,19,Mid,3,1,0,0,0,0,0,0,0,0,0,0,0,0,0,0,0,0,0,0,0,0,0,0,0,0,0,0,0,0,0,0,0,0
2017-03-20,Phra Ram 9,3171,WE,Monday,20,Mid,3,1,0,0,0,0,0,0,0,0,0,0,0,0,0,0,0,0,0,0,0,0,0,0,0,0,0,0,0,0,0,0,0,0
2017-03-21,Phra Ram 9,3436,WE,Tuesday,21,Mid,3,1,0,0,0,0,0,0,0,0,0,0,0,0,0,0,0,0,0,0,0,0,0,0,0,0,0,0,0,0,0,0,0,0
2017-03-22,Phra Ram 9,3430,WE,Wednesday,22,Mid,3,1,0,0,0,0,0,0,0,0,0,0,0,0,0,0,0,0,0,0,0,0,0,0,0,0,0,0,0,0,0,0,0,0
2017-03-23,Phra Ram 9,3356,WE,Thursday,23,Mid,3,1,0,0,0,0,0,0,0,0,0,0,0,0,0,0,0,0,0,0,0,0,0,0,0,0,0,0,0,0,0,0,0,0
2017-03-24,Phra Ram 9,3560,WE,Friday,24,Mid,3,1,0,0,0,0,0,0,0,0,0,0,0,0,0,0,0,0,0,0,0,0,0,0,0,0,0,0,0,0,0,0,0,0
2017-03-25,Phra Ram 9,1743,WD,Saturday,25,Late,3,1,0,0,0,0,0,0,0,0,0,0,0,0,0,0,0,0,0,0,0,0,0,0,0,0,0,0,0,0,0,0,0,0
2017-03-26,Phra Ram 9,1340,WD,Sunday,26,Late,3,1,0,0,0,0,0,0,0,0,0,0,0,0,0,0,0,0,0,0,0,0,0,0,0,0,0,0,0,0,0,0,0,0
2017-03-27,Phra Ram 9,3245,WE,Monday,27,Late,3,1,0,0,0,0,0,0,0,0,0,0,0,0,0,0,0,0,0,0,0,0,0,0,0,0,0,0,0,0,0,0,0,0
2017-03-28,Phra Ram 9,3507,WE,Tuesday,28,Late,3,1,0,0,0,0,0,0,0,0,0,0,0,0,0,0,0,0,0,0,0,0,0,0,0,0,0,0,0,0,0,0,0,0
2017-03-29,Phra Ram 9,3540,WE,Wednesday,29,Late,3,1,0,0,0,0,0,0,0,0,0,0,0,0,0,0,0,0,0,0,0,0,0,0,0,0,0,0,0,0,0,0,0,0
2017-03-30,Phra Ram 9,3656,WE,Thursday,30,Late,3,1,0,0,0,0,0,0,0,0,0,0,0,0,0,0,0,0,0,0,0,0,0,0,0,0,0,0,0,0,0,0,0,0
2017-03-31,Phra Ram 9,3711,WE,Friday,31,Late,3,1,0,0,0,0,0,0,0,0,0,0,0,0,0,0,0,0,0,0,0,0,0,0,0,0,0,0,0,0,0,0,0,0
2017-04-01,Phra Ram 9,2014,WE,Saturday,1,Early,4,2,0,0,0,0,0,0,0,0,0,0,0,0,0,0,0,0,0,0,0,0,0,0,0,0,0,0,0,0,0,0,0,0
2017-04-02,Phra Ram 9,1546,WE,Sunday,2,Early,4,2,0,0,0,0,0,0,0,0,0,0,0,0,0,0,0,0,0,0,0,0,0,0,0,0,0,0,0,0,0,0,0,0
2017-04-03,Phra Ram 9,3498,PH,Monday,3,Early,4,2,0,0,0,0,0,0,0,0,0,0,0,0,0,0,0,0,0,0,0,0,0,0,0,0,0,0,0,0,0,0,0,0
2017-04-04,Phra Ram 9,3557,PH,Tuesday,4,Early,4,2,0,0,0,0,0,0,0,0,0,0,0,0,0,0,0,0,0,0,0,0,0,0,0,0,0,0,0,0,0,0,0,0
2017-04-05,Phra Ram 9,3622,PH,Wednesday,5,Early,4,2,0,0,0,0,0,0,0,0,0,0,0,0,0,0,0,0,0,0,0,0,0,0,0,0,0,0,0,0,0,0,0,0
2017-04-06,Phra Ram 9,1802,WD,Thursday,6,Mid,4,2,0,0,0,0,0,0,0,0,0,0,0,0,0,0,0,0,0,0,0,0,0,0,0,0,0,0,0,0,0,0,0,0
2017-04-07,Phra Ram 9,3354,PH,Friday,7,Mid,4,2,0,0,0,0,0,0,0,0,0,0,0,0,0,0,0,0,0,0,0,0,0,0,0,0,0,0,0,0,0,0,0,0
2017-04-08,Phra Ram 9,3340,WE,Saturday,8,Mid,4,2,0,0,0,0,0,0,0,0,0,0,0,0,0,0,0,0,0,0,0,0,0,0,0,0,0,0,0,0,0,0,0,0
2017-04-09,Phra Ram 9,2793,WE,Sunday,9,Mid,4,2,0,0,0,0,0,0,0,0,0,0,0,0,0,0,0,0,0,0,0,0,0,0,0,0,0,0,0,0,0,0,0,0
2017-04-10,Phra Ram 9,4928,PH,Monday,10,Mid,4,2,0,0,0,0,0,0,0,0,0,0,0,0,0,0,0,0,0,0,0,0,0,0,0,0,0,0,0,0,0,0,0,0
2017-04-11,Phra Ram 9,4833,PH,Tuesday,11,Mid,4,2,0,0,0,0,0,0,0,0,0,0,0,0,0,0,0,0,0,0,0,0,0,0,0,0,0,0,0,0,0,0,0,0
2017-04-12,Phra Ram 9,4650,PH,Wednesday,12,Mid,4,2,0,0,0,0,0,0,0,0,0,0,0,0,0,0,0,0,0,0,0,0,0,0,0,0,0,0,0,0,0,0,0,0
2017-04-13,Phra Ram 9,2011,WD,Thursday,13,Mid,4,2,0,0,0,0,0,0,0,0,0,0,0,0,0,0,0,0,0,0,0,0,0,0,0,0,0,0,0,0,0,0,0,0
2017-04-14,Phra Ram 9,1857,WD,Friday,14,Mid,4,2,0,0,0,0,0,0,0,0,0,0,0,0,0,0,0,0,0,0,0,0,0,0,0,0,0,0,0,0,0,0,0,0
2017-04-15,Phra Ram 9,1915,WE,Saturday,15,Mid,4,2,0,0,0,0,0,0,0,0,0,0,0,0,0,0,0,0,0,0,0,0,0,0,0,0,0,0,0,0,0,0,0,0
2017-04-16,Phra Ram 9,1921,WE,Sunday,16,Mid,4,2,0,0,0,0,0,0,0,0,0,0,0,0,0,0,0,0,0,0,0,0,0,0,0,0,0,0,0,0,0,0,0,0
2017-04-17,Phra Ram 9,3493,WD,Monday,17,Mid,4,2,0,0,0,0,0,0,0,0,0,0,0,0,0,0,0,0,0,0,0,0,0,0,0,0,0,0,0,0,0,0,0,0
2017-04-18,Phra Ram 9,4794,PH,Tuesday,18,Mid,4,2,0,0,0,0,0,0,0,0,0,0,0,0,0,0,0,0,0,0,0,0,0,0,0,0,0,0,0,0,0,0,0,0
2017-04-19,Phra Ram 9,5286,PH,Wednesday,19,Mid,4,2,0,0,0,0,0,0,0,0,0,0,0,0,0,0,0,0,0,0,0,0,0,0,0,0,0,0,0,0,0,0,0,0
2017-04-20,Phra Ram 9,5354,PH,Thursday,20,Mid,4,2,0,0,0,0,0,0,0,0,0,0,0,0,0,0,0,0,0,0,0,0,0,0,0,0,0,0,0,0,0,0,0,0
2017-04-21,Phra Ram 9,5630,PH,Friday,21,Mid,4,2,0,0,0,0,0,0,0,0,0,0,0,0,0,0,0,0,0,0,0,0,0,0,0,0,0,0,0,0,0,0,0,0
2017-04-22,Phra Ram 9,3375,WE,Saturday,22,Mid,4,2,0,0,0,0,0,0,0,0,0,0,0,0,0,0,0,0,0,0,0,0,0,0,0,0,0,0,0,0,0,0,0,0
2017-04-23,Phra Ram 9,2746,WE,Sunday,23,Mid,4,2,0,0,0,0,0,0,0,0,0,0,0,0,0,0,0,0,0,0,0,0,0,0,0,0,0,0,0,0,0,0,0,0
2017-04-24,Phra Ram 9,5131,PH,Monday,24,Mid,4,2,0,0,0,0,0,0,0,0,0,0,0,0,0,0,0,0,0,0,0,0,0,0,0,0,0,0,0,0,0,0,0,0
2017-04-25,Phra Ram 9,5407,PH,Tuesday,25,Late,4,2,0,0,0,0,0,0,0,0,0,0,0,0,0,0,0,0,0,0,0,0,0,0,0,0,0,0,0,0,0,0,0,0
2017-04-26,Phra Ram 9,5564,PH,Wednesday,26,Late,4,2,0,0,0,0,0,0,0,0,0,0,0,0,0,0,0,0,0,0,0,0,0,0,0,0,0,0,0,0,0,0,0,0
2017-04-27,Phra Ram 9,5495,PH,Thursday,27,Late,4,2,0,0,0,0,0,0,0,0,0,0,0,0,0,0,0,0,0,0,0,0,0,0,0,0,0,0,0,0,0,0,0,0
2017-04-28,Phra Ram 9,6129,PH,Friday,28,Late,4,2,0,0,0,0,0,0,0,0,0,0,0,0,0,0,0,0,0,0,0,0,0,0,0,0,0,0,0,0,0,0,0,0
2017-04-29,Phra Ram 9,3562,WE,Saturday,29,Late,4,2,0,0,0,0,0,0,0,0,0,0,0,0,0,0,0,0,0,0,0,0,0,0,0,0,0,0,0,0,0,0,0,0
2017-04-30,Phra Ram 9,3052,WE,Sunday,30,Late,4,2,0,0,0,0,0,0,0,0,0,0,0,0,0,0,0,0,0,0,0,0,0,0,0,0,0,0,0,0,0,0,0,0
2017-05-01,Phra Ram 9,2790,WE,Monday,1,Early,5,2,0,0,0,0,0,0,0,0,0,0,0,0,0,0,0,0,0,0,0,0,0,0,0,0,0,0,0,0,0,0,0,0
2017-05-02,Phra Ram 9,5203,PH,Tuesday,2,Early,5,2,0,0,0,0,0,0,0,0,0,0,0,0,0,0,0,0,0,0,0,0,0,0,0,0,0,0,0,0,0,0,0,0
2017-05-03,Phra Ram 9,5385,PH,Wednesday,3,Early,5,2,0,0,0,0,0,0,0,0,0,0,0,0,0,0,0,0,0,0,0,0,0,0,0,0,0,0,0,0,0,0,0,0
2017-05-04,Phra Ram 9,5402,PH,Thursday,4,Early,5,2,0,0,0,0,0,0,0,0,0,0,0,0,0,0,0,0,0,0,0,0,0,0,0,0,0,0,0,0,0,0,0,0
2017-05-05,Phra Ram 9,5141,PH,Friday,5,Early,5,2,0,0,0,0,0,0,0,0,0,0,0,0,0,0,0,0,0,0,0,0,0,0,0,0,0,0,0,0,0,0,0,0
2017-05-06,Phra Ram 9,3104,WD,Saturday,6,Mid,5,2,0,0,0,0,0,0,0,0,0,0,0,0,0,0,0,0,0,0,0,0,0,0,0,0,0,0,0,0,0,0,0,0
2017-05-07,Phra Ram 9,2472,WD,Sunday,7,Mid,5,2,0,0,0,0,0,0,0,0,0,0,0,0,0,0,0,0,0,0,0,0,0,0,0,0,0,0,0,0,0,0,0,0
2017-05-08,Phra Ram 9,4917,PH,Monday,8,Mid,5,2,0,0,0,0,0,0,0,0,0,0,0,0,0,0,0,0,0,0,0,0,0,0,0,0,0,0,0,0,0,0,0,0
2017-05-09,Phra Ram 9,5136,PH,Tuesday,9,Mid,5,2,0,0,0,0,0,0,0,0,0,0,0,0,0,0,0,0,0,0,0,0,0,0,0,0,0,0,0,0,0,0,0,0
2017-05-10,Phra Ram 9,2745,WE,Wednesday,10,Mid,5,2,0,0,0,0,0,0,0,0,0,0,0,0,0,0,0,0,0,0,0,0,0,0,0,0,0,0,0,0,0,0,0,0
2017-05-11,Phra Ram 9,5200,PH,Thursday,11,Mid,5,2,0,0,0,0,0,0,0,0,0,0,0,0,0,0,0,0,0,0,0,0,0,0,0,0,0,0,0,0,0,0,0,0
2017-05-12,Phra Ram 9,4969,WE,Friday,12,Mid,5,2,0,0,0,0,0,0,0,0,0,0,0,0,0,0,0,0,0,0,0,0,0,0,0,0,0,0,0,0,0,0,0,0
2017-05-13,Phra Ram 9,3115,WD,Saturday,13,Mid,5,2,0,0,0,0,0,0,0,0,0,0,0,0,0,0,0,0,0,0,0,0,0,0,0,0,0,0,0,0,0,0,0,0
2017-05-14,Phra Ram 9,2557,WD,Sunday,14,Mid,5,2,0,0,0,0,0,0,0,0,0,0,0,0,0,0,0,0,0,0,0,0,0,0,0,0,0,0,0,0,0,0,0,0
2017-05-15,Phra Ram 9,4833,PH,Monday,15,Mid,5,2,0,0,0,0,0,0,0,0,0,0,0,0,0,0,0,0,0,0,0,0,0,0,0,0,0,0,0,0,0,0,0,0
2017-05-16,Phra Ram 9,5072,PH,Tuesday,16,Mid,5,2,0,0,0,0,0,0,0,0,0,0,0,0,0,0,0,0,0,0,0,0,0,0,0,0,0,0,0,0,0,0,0,0
2017-05-17,Phra Ram 9,5027,PH,Wednesday,17,Mid,5,2,0,0,0,0,0,0,0,0,0,0,0,0,0,0,0,0,0,0,0,0,0,0,0,0,0,0,0,0,0,0,0,0
2017-05-18,Phra Ram 9,5174,PH,Thursday,18,Mid,5,2,0,0,0,0,0,0,0,0,0,0,0,0,0,0,0,0,0,0,0,0,0,0,0,0,0,0,0,0,0,0,0,0
2017-05-19,Phra Ram 9,5666,PH,Friday,19,Mid,5,2,0,0,0,0,0,0,0,0,0,0,0,0,0,0,0,0,0,0,0,0,0,0,0,0,0,0,0,0,0,0,0,0
2017-05-20,Phra Ram 9,3476,WD,Saturday,20,Mid,5,2,0,0,0,0,0,0,0,0,0,0,0,0,0,0,0,0,0,0,0,0,0,0,0,0,0,0,0,0,0,0,0,0
2017-05-21,Phra Ram 9,2859,WD,Sunday,21,Mid,5,2,0,0,0,0,0,0,0,0,0,0,0,0,0,0,0,0,0,0,0,0,0,0,0,0,0,0,0,0,0,0,0,0
2017-05-22,Phra Ram 9,4946,PH,Monday,22,Mid,5,2,0,0,0,0,0,0,0,0,0,0,0,0,0,0,0,0,0,0,0,0,0,0,0,0,0,0,0,0,0,0,0,0
2017-05-23,Phra Ram 9,4969,PH,Tuesday,23,Mid,5,2,0,0,0,0,0,0,0,0,0,0,0,0,0,0,0,0,0,0,0,0,0,0,0,0,0,0,0,0,0,0,0,0
2017-05-24,Phra Ram 9,5014,PH,Wednesday,24,Mid,5,2,0,0,0,0,0,0,0,0,0,0,0,0,0,0,0,0,0,0,0,0,0,0,0,0,0,0,0,0,0,0,0,0
2017-05-25,Phra Ram 9,5321,PH,Thursday,25,Late,5,2,0,0,0,0,0,0,0,0,0,0,0,0,0,0,0,0,0,0,0,0,0,0,0,0,0,0,0,0,0,0,0,0
2017-05-26,Phra Ram 9,5899,PH,Friday,26,Late,5,2,0,0,0,0,0,0,0,0,0,0,0,0,0,0,0,0,0,0,0,0,0,0,0,0,0,0,0,0,0,0,0,0
2017-05-27,Phra Ram 9,3759,WD,Saturday,27,Late,5,2,0,0,0,0,0,0,0,0,0,0,0,0,0,0,0,0,0,0,0,0,0,0,0,0,0,0,0,0,0,0,0,0
2017-05-28,Phra Ram 9,2925,WD,Sunday,28,Late,5,2,0,0,0,0,0,0,0,0,0,0,0,0,0,0,0,0,0,0,0,0,0,0,0,0,0,0,0,0,0,0,0,0
2017-05-29,Phra Ram 9,5004,PH,Monday,29,Late,5,2,0,0,0,0,0,0,0,0,0,0,0,0,0,0,0,0,0,0,0,0,0,0,0,0,0,0,0,0,0,0,0,0
2017-05-30,Phra Ram 9,5032,PH,Tuesday,30,Late,5,2,0,0,0,0,0,0,0,0,0,0,0,0,0,0,0,0,0,0,0,0,0,0,0,0,0,0,0,0,0,0,0,0
2017-05-31,Phra Ram 9,5485,PH,Wednesday,31,Late,5,2,0,0,0,0,0,0,0,0,0,0,0,0,0,0,0,0,0,0,0,0,0,0,0,0,0,0,0,0,0,0,0,0
2017-06-01,Phra Ram 9,5564,WE,Thursday,1,Early,6,2,0,0,0,0,0,0,0,0,0,0,0,0,0,0,0,0,0,0,0,0,0,0,0,0,0,0,0,0,0,0,0,0
2017-06-02,Phra Ram 9,5701,WE,Friday,2,Early,6,2,0,0,0,0,0,0,0,0,0,0,0,0,0,0,0,0,0,0,0,0,0,0,0,0,0,0,0,0,0,0,0,0
2017-06-03,Phra Ram 9,3727,WD,Saturday,3,Early,6,2,0,0,0,0,0,0,0,0,0,0,0,0,0,0,0,0,0,0,0,0,0,0,0,0,0,0,0,0,0,0,0,0
2017-06-04,Phra Ram 9,2895,WD,Sunday,4,Early,6,2,0,0,0,0,0,0,0,0,0,0,0,0,0,0,0,0,0,0,0,0,0,0,0,0,0,0,0,0,0,0,0,0
2017-06-05,Phra Ram 9,5283,WE,Monday,5,Early,6,2,0,0,0,0,0,1985,0,0,0,0,0,0,0,0,0,0,0,0,0,0,1,0,0,0,0,0,0,0,0,0,1985,1
2017-06-06,Phra Ram 9,5219,WE,Tuesday,6,Mid,6,2,0,0,0,0,0,1985,0,0,0,0,0,0,0,0,0,0,0,0,0,0,1,0,0,0,0,0,0,0,0,0,1985,1
2017-06-07,Phra Ram 9,5496,WE,Wednesday,7,Mid,6,2,0,0,0,0,0,1985,0,0,0,0,0,0,0,0,0,0,0,0,0,0,1,0,0,0,0,0,0,0,0,0,1985,1
2017-06-08,Phra Ram 9,5259,WE,Thursday,8,Mid,6,2,0,0,0,0,0,1985,0,0,0,0,0,0,0,0,0,0,0,0,0,0,1,0,0,0,0,0,0,0,0,0,1985,1
2017-06-09,Phra Ram 9,5557,WE,Friday,9,Mid,6,2,0,0,0,0,0,1985,0,0,0,0,0,0,0,0,0,0,0,0,0,0,1,0,0,0,0,0,0,0,0,0,1985,1
2017-06-10,Phra Ram 9,3516,WD,Saturday,10,Mid,6,2,0,0,0,0,0,1985,0,0,0,0,0,0,0,0,0,0,0,0,0,0,1,0,0,0,0,0,0,0,0,0,1985,1
2017-06-11,Phra Ram 9,2619,WD,Sunday,11,Mid,6,2,0,0,0,0,0,1985,0,0,0,0,0,0,0,0,0,0,0,0,0,0,1,0,0,0,0,0,0,0,0,0,1985,1
2017-06-12,Phra Ram 9,5312,WE,Monday,12,Mid,6,2,0,0,0,0,0,1985,0,0,0,0,0,0,0,0,0,0,0,0,0,0,1,0,0,0,0,0,0,0,0,0,1985,1
2017-06-13,Phra Ram 9,5221,WE,Tuesday,13,Mid,6,2,0,0,0,0,0,0,0,0,0,0,0,0,0,0,0,0,0,0,0,0,0,0,0,0,0,0,0,0,0,0,0,0
2017-06-14,Phra Ram 9,5154,WE,Wednesday,14,Mid,6,2,0,0,0,0,0,0,0,0,0,0,0,0,0,0,0,0,0,0,0,0,0,0,0,0,0,0,0,0,0,0,0,0
2017-06-15,Phra Ram 9,5422,WE,Thursday,15,Mid,6,2,0,0,0,0,0,0,0,0,0,0,0,0,0,0,0,0,0,0,0,0,0,0,0,0,0,0,0,0,0,0,0,0
2017-06-16,Phra Ram 9,5707,WE,Friday,16,Mid,6,2,0,0,0,0,0,0,0,0,0,0,0,0,0,0,0,0,0,0,0,0,0,0,0,0,0,0,0,0,0,0,0,0
2017-06-17,Phra Ram 9,3386,WD,Saturday,17,Mid,6,2,0,0,0,0,0,0,0,0,0,0,0,0,0,0,0,0,0,0,0,0,0,0,0,0,0,0,0,0,0,0,0,0
2017-06-18,Phra Ram 9,2695,WD,Sunday,18,Mid,6,2,0,0,0,0,0,0,0,0,0,0,0,0,0,0,0,0,0,0,0,0,0,0,0,0,0,0,0,0,0,0,0,0
2017-06-19,Phra Ram 9,5136,WE,Monday,19,Mid,6,2,0,0,0,0,0,0,0,0,0,0,0,0,0,0,0,0,0,0,0,0,0,0,0,0,0,0,0,0,0,0,0,0
2017-06-20,Phra Ram 9,5233,WE,Tuesday,20,Mid,6,2,0,0,0,0,0,0,0,0,0,0,0,0,0,0,0,0,0,0,0,0,0,0,0,0,0,0,0,0,0,0,0,0
2017-06-21,Phra Ram 9,5602,WE,Wednesday,21,Mid,6,2,0,0,0,0,0,0,0,0,0,0,0,0,0,0,0,0,0,0,0,0,0,0,0,0,0,0,0,0,0,0,0,0
2017-06-22,Phra Ram 9,5567,WE,Thursday,22,Mid,6,2,0,0,0,0,0,0,0,0,0,0,0,0,0,0,0,0,0,0,0,0,0,0,0,0,0,0,0,0,0,0,0,0
2017-06-23,Phra Ram 9,5915,WE,Friday,23,Mid,6,2,0,0,0,0,0,0,0,0,0,0,0,0,0,0,0,0,0,0,0,0,0,0,0,0,0,0,0,0,0,0,0,0
2017-06-24,Phra Ram 9,3740,WD,Saturday,24,Mid,6,2,0,0,0,0,0,0,0,0,0,0,0,0,0,0,0,0,0,0,0,0,0,0,0,0,0,0,0,0,0,0,0,0
2017-06-25,Phra Ram 9,3012,WD,Sunday,25,Late,6,2,0,0,0,0,0,0,0,0,0,0,0,0,0,0,0,0,0,0,0,0,0,0,0,0,0,0,0,0,0,0,0,0
2017-06-26,Phra Ram 9,5111,WE,Monday,26,Late,6,2,0,0,0,0,0,0,0,0,0,0,0,0,0,0,0,0,0,0,0,0,0,0,0,0,0,0,0,0,0,0,0,0
2017-06-27,Phra Ram 9,5212,WE,Tuesday,27,Late,6,2,0,0,0,0,0,0,0,0,0,0,0,0,0,0,0,0,0,0,0,0,0,0,0,0,0,0,0,0,0,0,0,0
2017-06-28,Phra Ram 9,5493,WE,Wednesday,28,Late,6,2,0,0,0,0,0,0,0,0,0,0,0,0,0,0,0,0,0,0,0,0,0,0,0,0,0,0,0,0,0,0,0,0
2017-06-29,Phra Ram 9,5722,WE,Thursday,29,Late,6,2,0,0,0,0,0,0,0,0,0,0,0,0,0,0,0,0,0,0,0,0,0,0,0,0,0,0,0,0,0,0,0,0
2017-06-30,Phra Ram 9,6348,WE,Friday,30,Late,6,2,0,0,0,0,0,0,0,0,0,0,0,0,0,0,0,0,0,0,0,0,0,0,0,0,0,0,0,0,0,0,0,0
2017-07-01,Phra Ram 9,4072,WE,Saturday,1,Early,7,3,0,0,0,0,0,0,0,0,0,0,0,0,0,0,0,0,0,0,0,0,0,0,0,0,0,0,0,0,0,0,0,0
2017-07-02,Phra Ram 9,3492,WE,Sunday,2,Early,7,3,0,0,0,0,0,0,0,0,0,0,0,0,0,0,0,0,0,0,0,0,0,0,0,0,0,0,0,0,0,0,0,0
2017-07-03,Phra Ram 9,5870,PH,Monday,3,Early,7,3,0,0,0,0,0,0,0,0,0,0,0,0,0,0,0,0,0,0,0,0,0,0,0,0,0,0,0,0,0,0,0,0
2017-07-04,Phra Ram 9,5830,PH,Tuesday,4,Early,7,3,0,0,0,0,0,0,0,0,0,0,0,0,0,0,0,0,0,0,0,0,0,0,0,0,0,0,0,0,0,0,0,0
2017-07-05,Phra Ram 9,5765,PH,Wednesday,5,Early,7,3,0,0,0,0,0,0,0,0,0,0,0,0,0,0,0,0,0,0,0,0,0,0,0,0,0,0,0,0,0,0,0,0
2017-07-06,Phra Ram 9,5768,PH,Thursday,6,Mid,7,3,0,0,0,0,0,0,0,0,0,0,0,0,0,0,0,0,0,0,0,0,0,0,0,0,0,0,0,0,0,0,0,0
2017-07-07,Phra Ram 9,6079,PH,Friday,7,Mid,7,3,0,0,0,0,0,0,0,0,0,0,0,0,0,0,0,0,0,0,0,0,0,0,0,0,0,0,0,0,0,0,0,0
2017-07-08,Phra Ram 9,2941,WE,Saturday,8,Mid,7,3,0,0,0,0,0,0,0,0,0,0,0,0,0,0,0,0,0,0,0,0,0,0,0,0,0,0,0,0,0,0,0,0
2017-07-09,Phra Ram 9,2520,WE,Sunday,9,Mid,7,3,0,0,0,0,0,0,0,0,0,0,0,0,0,0,0,0,0,0,0,0,0,0,0,0,0,0,0,0,0,0,0,0
2017-07-10,Phra Ram 9,2559,WD,Monday,10,Mid,7,3,0,0,0,0,0,0,0,0,0,0,0,0,0,0,0,0,0,0,0,0,0,0,0,0,0,0,0,0,0,0,0,0
2017-07-11,Phra Ram 9,5046,PH,Tuesday,11,Mid,7,3,0,0,0,0,0,0,0,0,0,0,0,0,0,0,0,0,0,0,0,0,0,0,0,0,0,0,0,0,0,0,0,0
2017-07-12,Phra Ram 9,5438,PH,Wednesday,12,Mid,7,3,0,0,0,0,0,0,0,0,0,0,0,0,0,0,0,0,0,0,0,0,0,0,0,0,0,0,0,0,0,0,0,0
2017-07-13,Phra Ram 9,5592,PH,Thursday,13,Mid,7,3,0,0,0,0,0,0,0,0,0,0,0,0,0,0,0,0,0,0,0,0,0,0,0,0,0,0,0,0,0,0,0,0
2017-07-14,Phra Ram 9,5697,PH,Friday,14,Mid,7,3,0,0,0,0,0,0,0,0,0,0,0,0,0,0,0,0,0,0,0,0,0,0,0,0,0,0,0,0,0,0,0,0
2017-07-15,Phra Ram 9,3508,WE,Saturday,15,Mid,7,3,0,0,0,0,0,0,0,0,0,0,0,0,0,0,0,0,0,0,0,0,0,0,0,0,0,0,0,0,0,0,0,0
2017-07-16,Phra Ram 9,2897,WE,Sunday,16,Mid,7,3,0,0,0,0,0,0,0,0,0,0,0,0,0,0,0,0,0,0,0,0,0,0,0,0,0,0,0,0,0,0,0,0
2017-07-17,Phra Ram 9,5442,PH,Monday,17,Mid,7,3,0,0,0,0,0,0,0,0,0,0,0,0,0,0,0,0,0,0,0,0,0,0,0,0,0,0,0,0,0,0,0,0
2017-07-18,Phra Ram 9,5340,PH,Tuesday,18,Mid,7,3,0,0,0,0,0,0,0,0,0,0,0,0,0,0,0,0,0,0,0,0,0,0,0,0,0,0,0,0,0,0,0,0
2017-07-19,Phra Ram 9,5609,PH,Wednesday,19,Mid,7,3,0,0,0,0,0,0,0,0,0,0,0,0,0,0,0,0,0,0,0,0,0,0,0,0,0,0,0,0,0,0,0,0
2017-07-20,Phra Ram 9,5608,PH,Thursday,20,Mid,7,3,0,0,0,0,0,0,0,0,0,0,0,0,0,0,0,0,0,0,0,0,0,0,0,0,0,0,0,0,0,0,0,0
2017-07-21,Phra Ram 9,5836,PH,Friday,21,Mid,7,3,0,0,0,0,0,0,0,0,0,0,0,0,0,0,0,0,0,0,0,0,0,0,0,0,0,0,0,0,0,0,0,0
2017-07-22,Phra Ram 9,3511,WE,Saturday,22,Mid,7,3,0,0,0,0,0,0,0,0,0,0,0,0,0,0,0,0,0,0,0,0,0,0,0,0,0,0,0,0,0,0,0,0
2017-07-23,Phra Ram 9,2734,WE,Sunday,23,Mid,7,3,0,0,0,0,0,0,0,0,0,0,0,0,0,0,0,0,0,0,0,0,0,0,0,0,0,0,0,0,0,0,0,0
2017-07-24,Phra Ram 9,5382,PH,Monday,24,Mid,7,3,0,0,0,0,0,0,0,0,0,0,0,0,0,0,0,0,0,0,0,0,0,0,0,0,0,0,0,0,0,0,0,0
2017-07-25,Phra Ram 9,5739,PH,Tuesday,25,Late,7,3,0,0,0,0,0,0,0,0,0,0,0,0,0,0,0,0,0,0,0,0,0,0,0,0,0,0,0,0,0,0,0,0
2017-07-26,Phra Ram 9,5697,PH,Wednesday,26,Late,7,3,0,0,0,0,0,0,0,832,0,0,0,0,0,0,0,0,0,0,0,0,0,0,1,0,0,0,0,0,0,0,832,1
2017-07-27,Phra Ram 9,5917,PH,Thursday,27,Late,7,3,0,0,0,0,0,0,0,832,0,0,0,0,0,0,0,0,0,0,0,0,0,0,1,0,0,0,0,0,0,0,832,1
2017-07-28,Phra Ram 9,3135,WD,Friday,28,Late,7,3,0,0,0,0,0,0,0,832,0,0,0,0,0,0,0,0,0,0,0,0,0,0,1,0,0,0,0,0,0,0,832,1
2017-07-29,Phra Ram 9,3302,WE,Saturday,29,Late,7,3,0,0,0,0,0,0,0,832,0,0,0,0,0,0,0,0,0,0,0,0,0,0,1,0,0,0,0,0,0,0,832,1
2017-07-30,Phra Ram 9,2812,WE,Sunday,30,Late,7,3,0,0,0,0,0,0,0,832,0,0,0,0,0,0,0,0,0,0,0,0,0,0,1,0,0,0,0,0,0,0,832,1
2017-07-31,Phra Ram 9,5875,PH,Monday,31,Late,7,3,0,0,0,0,0,0,0,832,0,0,0,0,0,0,0,0,0,0,0,0,0,0,1,0,0,0,0,0,0,0,832,1
2017-08-01,Phra Ram 9,5537,WE,Tuesday,1,Early,8,3,0,0,0,0,0,0,0,832,0,0,0,0,0,0,0,0,0,0,0,0,0,0,1,0,0,0,0,0,0,0,832,1
2017-08-02,Phra Ram 9,5837,WE,Wednesday,2,Early,8,3,0,0,0,0,0,0,0,0,0,0,0,0,0,0,0,0,0,0,0,0,0,0,0,0,0,0,0,0,0,0,0,0
2017-08-03,Phra Ram 9,5730,WE,Thursday,3,Early,8,3,0,0,0,0,0,0,0,0,0,0,0,0,0,0,0,0,0,0,0,0,0,0,0,0,0,0,0,0,0,0,0,0
2017-08-04,Phra Ram 9,5818,WE,Friday,4,Early,8,3,0,0,0,0,0,0,0,0,0,0,0,0,0,0,0,0,0,0,0,0,0,0,0,0,0,0,0,0,0,0,0,0
2017-08-05,Phra Ram 9,3451,PH,Saturday,5,Early,8,3,0,0,0,0,0,0,0,0,0,0,0,0,0,0,0,0,0,0,0,0,0,0,0,0,0,0,0,0,0,0,0,0
2017-08-06,Phra Ram 9,2913,PH,Sunday,6,Mid,8,3,0,0,0,0,0,0,0,0,0,0,0,0,0,0,0,0,0,0,0,0,0,0,0,0,0,0,0,0,0,0,0,0
2017-08-07,Phra Ram 9,5200,WE,Monday,7,Mid,8,3,0,0,0,0,0,0,0,0,0,0,0,0,0,0,0,0,0,0,0,0,0,0,0,0,0,0,0,0,0,0,0,0
2017-08-08,Phra Ram 9,5489,WE,Tuesday,8,Mid,8,3,0,0,0,0,0,0,0,0,0,0,0,0,0,0,0,0,0,0,0,0,0,0,0,0,0,0,0,0,0,0,0,0
2017-08-09,Phra Ram 9,5683,WE,Wednesday,9,Mid,8,3,0,0,0,0,0,0,0,0,0,0,0,0,0,0,0,0,0,0,0,0,0,0,0,0,0,0,0,0,0,0,0,0
2017-08-10,Phra Ram 9,5867,WE,Thursday,10,Mid,8,3,0,0,0,0,0,0,0,0,0,0,0,0,0,0,0,0,0,0,0,0,0,0,0,0,0,0,0,0,0,0,0,0
2017-08-11,Phra Ram 9,6138,WE,Friday,11,Mid,8,3,0,0,0,0,0,0,0,0,0,0,0,0,0,0,0,0,0,0,0,0,0,0,0,0,0,0,0,0,0,0,0,0
2017-08-12,Phra Ram 9,2962,PH,Saturday,12,Mid,8,3,0,0,0,0,0,0,0,0,0,0,0,0,0,0,0,0,0,0,0,0,0,0,0,0,0,0,0,0,0,0,0,0
2017-08-13,Phra Ram 9,2789,PH,Sunday,13,Mid,8,3,0,0,0,0,0,0,0,0,0,0,0,0,0,0,0,0,0,0,0,0,0,0,0,0,0,0,0,0,0,0,0,0
2017-08-14,Phra Ram 9,2714,WD,Monday,14,Mid,8,3,0,0,0,0,0,0,0,0,0,0,0,0,0,0,0,0,0,0,0,0,0,0,0,0,0,0,0,0,0,0,0,0
2017-08-15,Phra Ram 9,5254,WE,Tuesday,15,Mid,8,3,0,0,0,0,0,0,0,0,0,0,0,0,0,0,0,0,0,0,0,0,0,0,0,0,0,0,0,0,0,0,0,0
2017-08-16,Phra Ram 9,5559,WE,Wednesday,16,Mid,8,3,0,0,0,0,0,0,0,0,0,0,0,0,0,0,0,0,0,0,0,0,0,0,0,0,0,0,0,0,0,0,0,0
2017-08-17,Phra Ram 9,5700,WE,Thursday,17,Mid,8,3,0,0,0,0,0,0,0,0,0,0,0,0,0,0,0,0,0,0,0,0,0,0,0,0,0,0,0,0,0,0,0,0
2017-08-18,Phra Ram 9,5808,WE,Friday,18,Mid,8,3,0,0,0,0,0,0,0,0,0,0,0,0,0,0,0,0,0,0,0,0,0,0,0,0,0,0,0,0,0,0,0,0
2017-08-19,Phra Ram 9,3743,PH,Saturday,19,Mid,8,3,0,0,0,0,0,0,0,0,0,0,0,0,0,0,0,0,0,0,0,0,0,0,0,0,0,0,0,0,0,0,0,0
2017-08-20,Phra Ram 9,2830,PH,Sunday,20,Mid,8,3,0,0,0,0,0,0,0,0,0,0,0,0,0,0,0,0,0,0,0,0,0,0,0,0,0,0,0,0,0,0,0,0
2017-08-21,Phra Ram 9,5238,WE,Monday,21,Mid,8,3,0,0,0,0,0,0,0,0,0,0,0,0,0,0,0,0,0,0,0,0,0,0,0,0,0,0,0,0,0,0,0,0
2017-08-22,Phra Ram 9,5405,WE,Tuesday,22,Mid,8,3,0,0,0,0,0,0,0,0,0,0,0,0,0,0,0,0,0,0,0,0,0,0,0,0,0,0,0,0,0,0,0,0
2017-08-23,Phra Ram 9,5394,WE,Wednesday,23,Mid,8,3,0,0,0,0,0,0,0,0,0,0,0,0,0,0,0,0,0,0,0,0,0,0,0,0,0,0,0,0,0,0,0,0
2017-08-24,Phra Ram 9,5506,WE,Thursday,24,Mid,8,3,0,0,0,0,0,725,0,0,0,0,0,0,0,0,0,0,0,0,0,0,1,0,0,0,0,0,0,0,0,0,725,1
2017-08-25,Phra Ram 9,5894,WE,Friday,25,Late,8,3,0,0,0,0,0,725,0,0,0,0,0,0,0,0,0,0,0,0,0,0,1,0,0,0,0,0,0,0,0,0,725,1
2017-08-26,Phra Ram 9,3798,PH,Saturday,26,Late,8,3,0,0,0,0,0,725,0,0,0,0,0,0,0,0,0,0,0,0,0,0,1,0,0,0,0,0,0,0,0,0,725,1
2017-08-27,Phra Ram 9,3032,PH,Sunday,27,Late,8,3,0,0,0,0,0,725,0,0,0,0,0,0,0,0,0,0,0,0,0,0,1,0,0,0,0,0,0,0,0,0,725,1
2017-08-28,Phra Ram 9,5182,WE,Monday,28,Late,8,3,0,0,0,0,0,725,0,0,0,0,0,0,0,0,0,0,0,0,0,0,1,0,0,0,0,0,0,0,0,0,725,1
2017-08-29,Phra Ram 9,5431,WE,Tuesday,29,Late,8,3,0,0,0,0,0,725,0,0,0,0,0,0,0,0,0,0,0,0,0,0,1,0,0,0,0,0,0,0,0,0,725,1
2017-08-30,Phra Ram 9,5471,WE,Wednesday,30,Late,8,3,0,0,0,0,0,725,0,0,0,0,0,0,0,0,0,0,0,0,0,0,1,0,0,0,0,0,0,0,0,0,725,1
2017-08-31,Phra Ram 9,5947,WE,Thursday,31,Late,8,3,1102,0,0,0,0,725,0,0,0,0,0,0,0,0,0,1,0,0,0,0,1,0,0,0,0,0,0,0,0,0,1827,2
2017-09-01,Phra Ram 9,6256,WE,Friday,1,Early,9,3,1102,0,0,0,0,0,0,0,0,0,0,0,0,0,0,1,0,0,0,0,0,0,0,0,0,0,0,0,0,0,1102,1
2017-09-02,Phra Ram 9,4235,WD,Saturday,2,Early,9,3,1102,0,0,0,0,0,0,0,0,0,0,0,0,0,0,1,0,0,0,0,0,0,0,0,0,0,0,0,0,0,1102,1
2017-09-03,Phra Ram 9,3551,WD,Sunday,3,Early,9,3,1102,0,0,0,0,0,0,0,0,0,0,0,0,0,0,1,0,0,0,0,0,0,0,0,0,0,0,0,0,0,1102,1
2017-09-04,Phra Ram 9,5475,WE,Monday,4,Early,9,3,0,0,0,0,0,0,0,0,0,0,0,0,0,0,0,0,0,0,0,0,0,0,0,0,0,0,0,0,0,0,0,0
2017-09-05,Phra Ram 9,5276,WE,Tuesday,5,Early,9,3,0,0,0,0,0,0,0,0,0,0,0,0,0,0,0,0,0,0,0,0,0,0,0,0,0,0,0,0,0,0,0,0
2017-09-06,Phra Ram 9,5416,WE,Wednesday,6,Mid,9,3,0,0,0,0,0,0,0,0,0,0,0,0,0,0,0,0,0,0,0,0,0,0,0,0,0,0,0,0,0,0,0,0
2017-09-07,Phra Ram 9,5434,WE,Thursday,7,Mid,9,3,0,0,0,0,0,0,0,0,0,0,0,0,0,0,0,0,0,0,0,0,0,0,0,0,0,0,0,0,0,0,0,0
2017-09-08,Phra Ram 9,5758,WE,Friday,8,Mid,9,3,0,0,0,0,0,0,0,0,0,0,0,0,0,0,0,0,0,0,0,0,0,0,0,0,0,0,0,0,0,0,0,0
2017-09-09,Phra Ram 9,3779,WD,Saturday,9,Mid,9,3,0,0,0,0,0,0,0,0,0,0,0,0,0,0,0,0,0,0,0,0,0,0,0,0,0,0,0,0,0,0,0,0
2017-09-10,Phra Ram 9,2900,WD,Sunday,10,Mid,9,3,0,0,0,0,0,0,0,0,0,0,0,0,0,0,0,0,0,0,0,0,0,0,0,0,0,0,0,0,0,0,0,0
2017-09-11,Phra Ram 9,5309,WE,Monday,11,Mid,9,3,0,0,0,0,0,0,0,0,0,0,0,0,0,0,0,0,0,0,0,0,0,0,0,0,0,0,0,0,0,0,0,0
2017-09-12,Phra Ram 9,5379,WE,Tuesday,12,Mid,9,3,0,0,0,0,0,0,0,0,0,0,0,0,0,0,0,0,0,0,0,0,0,0,0,0,0,0,0,0,0,0,0,0
2017-09-13,Phra Ram 9,5464,WE,Wednesday,13,Mid,9,3,0,0,0,0,0,0,0,0,0,0,0,0,0,0,0,0,0,0,0,0,0,0,0,0,0,0,0,0,0,0,0,0
2017-09-14,Phra Ram 9,5398,WE,Thursday,14,Mid,9,3,0,0,0,0,0,0,0,0,0,0,0,0,0,0,0,0,0,0,0,0,0,0,0,0,0,0,0,0,0,0,0,0
2017-09-15,Phra Ram 9,6071,WE,Friday,15,Mid,9,3,0,0,0,0,0,0,0,0,0,0,0,0,0,0,0,0,0,0,0,0,0,0,0,0,0,0,0,0,0,0,0,0
2017-09-16,Phra Ram 9,3615,WD,Saturday,16,Mid,9,3,0,0,0,0,0,0,0,0,0,0,0,0,0,0,0,0,0,0,0,0,0,0,0,0,0,0,0,0,0,0,0,0
2017-09-17,Phra Ram 9,2886,WD,Sunday,17,Mid,9,3,0,0,0,0,0,0,0,0,0,0,0,0,0,0,0,0,0,0,0,0,0,0,0,0,0,0,0,0,0,0,0,0
2017-09-18,Phra Ram 9,5215,WE,Monday,18,Mid,9,3,0,0,0,0,0,0,0,0,0,0,0,0,0,0,0,0,0,0,0,0,0,0,0,0,0,0,0,0,0,0,0,0
2017-09-19,Phra Ram 9,5258,WE,Tuesday,19,Mid,9,3,0,0,0,0,0,0,0,0,0,0,0,0,0,0,0,0,0,0,0,0,0,0,0,0,0,0,0,0,0,0,0,0
2017-09-20,Phra Ram 9,5284,WE,Wednesday,20,Mid,9,3,0,0,0,0,0,0,0,0,0,0,0,0,0,0,0,0,0,0,0,0,0,0,0,0,0,0,0,0,0,0,0,0
2017-09-21,Phra Ram 9,5210,WE,Thursday,21,Mid,9,3,0,0,0,0,0,0,0,0,0,0,0,0,0,0,0,0,0,0,0,0,0,0,0,0,0,0,0,0,0,0,0,0
2017-09-22,Phra Ram 9,5746,WE,Friday,22,Mid,9,3,0,0,0,0,0,0,0,0,0,0,0,0,0,0,0,0,0,0,0,0,0,0,0,0,0,0,0,0,0,0,0,0
2017-09-23,Phra Ram 9,3436,WD,Saturday,23,Mid,9,3,0,0,0,0,0,0,0,0,0,0,0,0,0,0,0,0,0,0,0,0,0,0,0,0,0,0,0,0,0,0,0,0
2017-09-24,Phra Ram 9,2788,WD,Sunday,24,Mid,9,3,0,0,0,0,0,0,0,0,0,0,0,0,0,0,0,0,0,0,0,0,0,0,0,0,0,0,0,0,0,0,0,0
2017-09-25,Phra Ram 9,5233,WE,Monday,25,Late,9,3,0,0,0,0,0,0,0,0,0,0,0,0,0,0,0,0,0,0,0,0,0,0,0,0,0,0,0,0,0,0,0,0
2017-09-26,Phra Ram 9,5409,WE,Tuesday,26,Late,9,3,0,0,0,0,0,0,0,0,0,0,0,0,0,0,0,0,0,0,0,0,0,0,0,0,0,0,0,0,0,0,0,0
2017-09-27,Phra Ram 9,5485,WE,Wednesday,27,Late,9,3,0,0,0,0,0,0,0,0,0,0,0,0,0,0,0,0,0,0,0,0,0,0,0,0,0,0,0,0,0,0,0,0
2017-09-28,Phra Ram 9,5851,WE,Thursday,28,Late,9,3,0,0,0,0,0,0,0,0,0,0,0,0,0,0,0,0,0,0,0,0,0,0,0,0,0,0,0,0,0,0,0,0
2017-09-29,Phra Ram 9,6332,WE,Friday,29,Late,9,3,0,0,0,0,0,0,0,0,0,0,0,0,0,0,0,0,0,0,0,0,0,0,0,0,0,0,0,0,0,0,0,0
2017-09-30,Phra Ram 9,4345,WD,Saturday,30,Late,9,3,0,0,0,0,0,0,0,0,0,0,0,0,0,0,0,0,0,0,0,0,0,0,0,0,0,0,0,0,0,0,0,0
2017-10-01,Phra Ram 9,3519,WE,Sunday,1,Early,10,4,0,0,0,0,0,0,0,0,0,0,0,0,0,0,0,0,0,0,0,0,0,0,0,0,0,0,0,0,0,0,0,0
2017-10-02,Phra Ram 9,5453,PH,Monday,2,Early,10,4,0,0,0,0,0,0,0,0,0,0,0,0,0,0,0,0,0,0,0,0,0,0,0,0,0,0,0,0,0,0,0,0
2017-10-03,Phra Ram 9,5597,PH,Tuesday,3,Early,10,4,0,0,0,0,0,0,0,0,0,0,0,0,0,0,0,0,0,0,0,0,0,0,0,0,0,0,0,0,0,0,0,0
2017-10-04,Phra Ram 9,5635,PH,Wednesday,4,Early,10,4,0,0,0,0,0,0,868,0,0,0,0,0,0,0,0,0,0,0,0,0,0,1,0,0,0,0,0,0,0,0,868,1
2017-10-05,Phra Ram 9,5605,PH,Thursday,5,Early,10,4,0,0,0,0,0,0,868,0,0,0,0,0,0,0,0,0,0,0,0,0,0,1,0,0,0,0,0,0,0,0,868,1
2017-10-06,Phra Ram 9,5648,PH,Friday,6,Mid,10,4,0,0,0,0,0,0,868,0,0,0,0,0,0,0,0,0,0,0,0,0,0,1,0,0,0,0,0,0,0,0,868,1
2017-10-07,Phra Ram 9,3510,WE,Saturday,7,Mid,10,4,0,0,0,0,0,0,868,0,0,0,0,0,0,0,0,0,0,0,0,0,0,1,0,0,0,0,0,0,0,0,868,1
2017-10-08,Phra Ram 9,2949,WE,Sunday,8,Mid,10,4,0,0,0,0,0,0,868,0,0,0,0,0,0,0,0,0,0,0,0,0,0,1,0,0,0,0,0,0,0,0,868,1
2017-10-09,Phra Ram 9,5299,PH,Monday,9,Mid,10,4,0,0,0,0,0,0,868,0,0,0,0,0,0,0,0,0,0,0,0,0,0,1,0,0,0,0,0,0,0,0,868,1
2017-10-10,Phra Ram 9,5456,PH,Tuesday,10,Mid,10,4,0,0,0,0,0,0,868,0,0,0,1321,0,0,0,0,0,0,0,0,0,0,1,0,0,0,1,0,0,0,0,2189,2
2017-10-11,Phra Ram 9,5483,PH,Wednesday,11,Mid,10,4,0,0,0,0,0,0,0,0,0,0,1321,0,0,0,0,0,0,0,0,0,0,0,0,0,0,1,0,0,0,0,1321,1
2017-10-12,Phra Ram 9,5559,PH,Thursday,12,Mid,10,4,0,0,0,0,0,0,0,0,0,0,1321,0,0,0,0,0,0,0,0,0,0,0,0,0,0,1,0,0,0,0,1321,1
2017-10-13,Phra Ram 9,2699,WD,Friday,13,Mid,10,4,0,0,0,0,0,0,0,0,0,0,1321,0,0,0,0,0,0,0,0,0,0,0,0,0,0,1,0,0,0,0,1321,1
2017-10-14,Phra Ram 9,3391,WE,Saturday,14,Mid,10,4,0,0,0,0,0,0,0,0,0,0,1321,0,0,0,0,0,0,0,0,0,0,0,0,0,0,1,0,0,0,0,1321,1
2017-10-15,Phra Ram 9,2690,WE,Sunday,15,Mid,10,4,0,0,0,0,0,0,0,0,0,0,1321,0,0,0,0,0,0,0,0,0,0,0,0,0,0,1,0,0,0,0,1321,1
2017-10-16,Phra Ram 9,5202,PH,Monday,16,Mid,10,4,0,0,0,0,0,0,0,0,0,0,1321,0,0,0,0,0,0,0,0,0,0,0,0,0,0,1,0,0,0,0,1321,1
2017-10-17,Phra Ram 9,5193,PH,Tuesday,17,Mid,10,4,0,0,0,0,0,0,0,0,0,0,0,0,0,0,0,0,0,0,0,0,0,0,0,0,0,0,0,0,0,0,0,0
2017-10-18,Phra Ram 9,5515,PH,Wednesday,18,Mid,10,4,0,0,0,0,0,0,0,0,0,0,0,0,0,0,0,0,0,0,0,0,0,0,0,0,0,0,0,0,0,0,0,0
2017-10-19,Phra Ram 9,5592,PH,Thursday,19,Mid,10,4,0,0,0,0,0,0,0,0,0,0,0,0,0,0,0,0,0,0,0,0,0,0,0,0,0,0,0,0,0,0,0,0
2017-10-20,Phra Ram 9,5582,PH,Friday,20,Mid,10,4,0,0,0,0,0,0,0,0,0,0,0,0,0,0,0,0,0,0,0,0,0,0,0,0,0,0,0,0,0,0,0,0
2017-10-21,Phra Ram 9,3468,WE,Saturday,21,Mid,10,4,0,0,0,0,0,0,0,0,0,0,0,0,0,0,0,0,0,0,0,0,0,0,0,0,0,0,0,0,0,0,0,0
2017-10-22,Phra Ram 9,2857,WE,Sunday,22,Mid,10,4,0,0,0,0,0,0,0,0,0,0,0,0,0,0,0,0,0,0,0,0,0,0,0,0,0,0,0,0,0,0,0,0
2017-10-23,Phra Ram 9,2739,WD,Monday,23,Mid,10,4,0,0,0,0,0,0,0,0,0,0,0,0,0,0,0,0,0,0,0,0,0,0,0,0,0,0,0,0,0,0,0,0
2017-10-24,Phra Ram 9,5265,PH,Tuesday,24,Mid,10,4,0,0,0,0,0,0,0,0,0,0,0,0,0,0,0,0,0,0,0,0,0,0,0,0,0,0,0,0,0,0,0,0
2017-10-25,Phra Ram 9,5689,PH,Wednesday,25,Late,10,4,0,0,0,0,0,0,0,0,0,0,0,0,0,0,0,0,0,0,0,0,0,0,0,0,0,0,0,0,0,0,0,0
2017-10-26,Phra Ram 9,3,WD,Thursday,26,Late,10,4,0,0,0,0,0,0,0,0,0,0,0,0,0,0,0,0,0,0,0,0,0,0,0,0,0,0,0,0,0,0,0,0
2017-10-27,Phra Ram 9,5212,PH,Friday,27,Late,10,4,0,0,0,0,0,0,0,0,0,0,0,0,0,0,0,0,0,0,0,0,0,0,0,0,0,0,0,0,0,0,0,0
2017-10-28,Phra Ram 9,3404,WE,Saturday,28,Late,10,4,0,0,0,0,0,0,0,0,0,0,0,0,0,0,0,0,0,0,0,0,0,0,0,0,0,0,0,0,0,0,0,0
2017-10-29,Phra Ram 9,2847,WE,Sunday,29,Late,10,4,0,0,0,0,0,0,0,0,0,0,0,0,0,0,0,0,0,0,0,0,0,0,0,0,0,0,0,0,0,0,0,0
2017-10-30,Phra Ram 9,5388,PH,Monday,30,Late,10,4,0,0,0,0,0,0,0,0,0,0,0,0,0,0,0,0,0,0,0,0,0,0,0,0,0,0,0,0,0,0,0,0
2017-10-31,Phra Ram 9,5656,PH,Tuesday,31,Late,10,4,0,0,0,0,0,0,0,0,0,0,0,0,0,0,0,0,0,0,0,0,0,0,0,0,0,0,0,0,0,0,0,0
2017-11-01,Phra Ram 9,5408,WE,Wednesday,1,Early,11,4,0,0,0,0,0,0,0,0,0,0,0,0,0,0,0,0,0,0,0,0,0,0,0,0,0,0,0,0,0,0,0,0
2017-11-02,Phra Ram 9,5699,WE,Thursday,2,Early,11,4,0,0,0,0,0,0,0,0,0,0,0,0,0,0,0,0,0,0,0,0,0,0,0,0,0,0,0,0,0,0,0,0
2017-11-03,Phra Ram 9,6150,WE,Friday,3,Early,11,4,0,0,0,0,0,0,0,0,0,0,0,0,0,0,0,0,0,0,0,0,0,0,0,0,0,0,0,0,0,0,0,0
2017-11-04,Phra Ram 9,3950,WD,Saturday,4,Early,11,4,0,0,0,0,0,0,0,0,0,0,0,0,0,0,0,0,0,0,0,0,0,0,0,0,0,0,0,0,0,0,0,0
2017-11-05,Phra Ram 9,3151,WD,Sunday,5,Early,11,4,0,0,0,0,0,0,0,0,0,0,0,0,0,0,0,0,0,0,0,0,0,0,0,0,0,0,0,0,0,0,0,0
2017-11-06,Phra Ram 9,5356,WE,Monday,6,Mid,11,4,0,0,0,0,0,0,0,0,0,0,0,0,0,0,0,0,0,0,0,0,0,0,0,0,0,0,0,0,0,0,0,0
2017-11-07,Phra Ram 9,5392,WE,Tuesday,7,Mid,11,4,0,0,0,0,0,0,0,0,0,0,0,0,0,0,0,0,0,0,0,0,0,0,0,0,0,0,0,0,0,0,0,0
2017-11-08,Phra Ram 9,5467,WE,Wednesday,8,Mid,11,4,0,0,0,0,0,0,0,0,0,0,0,0,0,0,0,0,0,0,0,0,0,0,0,0,0,0,0,0,0,0,0,0
2017-11-09,Phra Ram 9,5541,WE,Thursday,9,Mid,11,4,0,0,0,0,0,0,0,0,0,0,0,0,0,0,0,0,0,0,0,0,0,0,0,0,0,0,0,0,0,0,0,0
2017-11-10,Phra Ram 9,5900,WE,Friday,10,Mid,11,4,0,0,0,0,0,0,0,0,0,0,0,0,0,0,0,0,0,0,0,0,0,0,0,0,0,0,0,0,0,0,0,0
2017-11-11,Phra Ram 9,4078,WD,Saturday,11,Mid,11,4,0,0,0,0,0,0,0,0,0,0,0,0,0,0,0,0,0,0,0,0,0,0,0,0,0,0,0,0,0,0,0,0
2017-11-12,Phra Ram 9,3075,WD,Sunday,12,Mid,11,4,0,0,0,0,0,0,0,0,0,0,0,0,0,0,0,0,0,0,0,0,0,0,0,0,0,0,0,0,0,0,0,0
2017-11-13,Phra Ram 9,5243,WE,Monday,13,Mid,11,4,0,0,0,0,0,0,0,0,0,0,0,0,0,0,0,0,0,0,0,0,0,0,0,0,0,0,0,0,0,0,0,0
2017-11-14,Phra Ram 9,5371,WE,Tuesday,14,Mid,11,4,0,0,0,0,0,0,0,0,0,0,0,0,0,0,0,0,0,0,0,0,0,0,0,0,0,0,0,0,0,0,0,0
2017-11-15,Phra Ram 9,5520,WE,Wednesday,15,Mid,11,4,0,0,0,0,0,0,0,0,0,0,0,0,0,0,0,0,0,0,0,0,0,0,0,0,0,0,0,0,0,0,0,0
2017-11-16,Phra Ram 9,5424,WE,Thursday,16,Mid,11,4,0,0,0,0,0,0,0,0,0,0,0,0,0,0,0,0,0,0,0,0,0,0,0,0,0,0,0,0,0,0,0,0
2017-11-17,Phra Ram 9,5712,WE,Friday,17,Mid,11,4,0,0,0,0,0,0,0,0,0,0,0,0,0,0,0,0,0,0,0,0,0,0,0,0,0,0,0,0,0,0,0,0
2017-11-18,Phra Ram 9,3626,WD,Saturday,18,Mid,11,4,0,0,0,0,0,0,0,0,0,0,0,0,0,0,0,0,0,0,0,0,0,0,0,0,0,0,0,0,0,0,0,0
2017-11-19,Phra Ram 9,2890,WD,Sunday,19,Mid,11,4,0,0,0,0,0,0,0,0,0,0,0,0,0,0,0,0,0,0,0,0,0,0,0,0,0,0,0,0,0,0,0,0
2017-11-20,Phra Ram 9,5298,WE,Monday,20,Mid,11,4,0,0,0,0,0,0,0,0,0,0,0,0,0,0,0,0,0,0,0,0,0,0,0,0,0,0,0,0,0,0,0,0
2017-11-21,Phra Ram 9,5339,WE,Tuesday,21,Mid,11,4,0,0,0,0,0,0,0,0,0,0,0,0,0,0,0,0,0,0,0,0,0,0,0,0,0,0,0,0,0,0,0,0
2017-11-22,Phra Ram 9,5336,WE,Wednesday,22,Mid,11,4,0,0,0,0,0,0,0,0,0,0,0,0,0,0,0,0,0,0,0,0,0,0,0,0,0,0,0,0,0,0,0,0
2017-11-23,Phra Ram 9,5323,WE,Thursday,23,Mid,11,4,0,0,0,0,0,0,0,0,0,0,0,0,0,0,0,0,0,0,0,0,0,0,0,0,0,0,0,0,0,0,0,0
2017-11-24,Phra Ram 9,5775,WE,Friday,24,Mid,11,4,0,0,0,0,0,0,0,0,0,0,0,0,0,0,0,0,0,0,0,0,0,0,0,0,0,0,0,0,0,0,0,0
2017-11-25,Phra Ram 9,3790,WD,Saturday,25,Late,11,4,0,0,0,0,0,0,0,0,0,0,0,0,0,0,0,0,0,0,0,0,0,0,0,0,0,0,0,0,0,0,0,0
2017-11-26,Phra Ram 9,2970,WD,Sunday,26,Late,11,4,0,0,0,0,0,0,0,0,0,0,0,0,0,0,0,0,0,0,0,0,0,0,0,0,0,0,0,0,0,0,0,0
2017-11-27,Phra Ram 9,5325,WE,Monday,27,Late,11,4,0,0,0,0,0,0,0,0,0,0,0,0,0,0,0,0,0,0,0,0,0,0,0,0,0,0,0,0,0,0,0,0
2017-11-28,Phra Ram 9,5448,WE,Tuesday,28,Late,11,4,0,0,0,0,0,0,0,0,0,0,0,0,0,0,0,0,0,0,0,0,0,0,0,0,0,0,0,0,0,0,0,0
2017-11-29,Phra Ram 9,5652,WE,Wednesday,29,Late,11,4,0,0,0,0,0,0,0,0,0,0,0,0,0,0,0,0,0,0,0,0,0,0,0,0,0,0,0,0,0,0,0,0
2017-11-30,Phra Ram 9,5884,WE,Thursday,30,Late,11,4,0,0,0,0,0,0,0,0,0,0,0,0,0,0,0,0,0,0,0,0,0,0,0,0,0,0,0,0,0,0,0,0
2017-12-01,Phra Ram 9,6037,WE,Friday,1,Early,12,4,0,0,0,0,0,1666,0,0,0,0,1070,0,0,0,0,0,0,0,0,0,1,0,0,0,0,1,0,0,0,0,2736,2
2017-12-02,Phra Ram 9,3817,PH,Saturday,2,Early,12,4,0,0,0,0,0,1666,0,0,0,0,1070,0,0,0,0,0,0,0,0,0,1,0,0,0,0,1,0,0,0,0,2736,2
2017-12-03,Phra Ram 9,2957,PH,Sunday,3,Early,12,4,0,0,0,0,0,1666,0,0,0,0,1070,0,0,0,0,0,0,0,0,0,1,0,0,0,0,1,0,0,0,0,2736,2
2017-12-04,Phra Ram 9,5250,WE,Monday,4,Early,12,4,0,0,0,0,0,0,0,0,0,0,1070,0,0,0,0,0,0,0,0,0,0,0,0,0,0,1,0,0,0,0,1070,1
2017-12-05,Phra Ram 9,2784,WD,Tuesday,5,Early,12,4,0,0,0,0,0,0,0,0,0,0,1070,0,0,0,0,0,0,0,0,0,0,0,0,0,0,1,0,0,0,0,1070,1
2017-12-06,Phra Ram 9,5410,WE,Wednesday,6,Mid,12,4,0,0,0,0,0,0,0,0,0,0,1070,0,0,0,0,0,0,0,0,0,0,0,0,0,0,1,0,0,0,0,1070,1
2017-12-07,Phra Ram 9,5320,WE,Thursday,7,Mid,12,4,0,0,0,0,0,0,0,0,0,0,1070,0,0,0,0,0,0,0,0,0,0,0,0,0,0,1,0,0,0,0,1070,1
2017-12-08,Phra Ram 9,5666,WE,Friday,8,Mid,12,4,0,0,0,0,0,0,0,0,0,0,0,0,0,0,0,0,0,0,0,0,0,0,0,0,0,0,0,0,0,0,0,0
2017-12-09,Phra Ram 9,3295,PH,Saturday,9,Mid,12,4,0,0,0,0,0,0,0,0,0,0,0,0,0,0,0,0,0,0,0,0,0,0,0,0,0,0,0,0,0,0,0,0
2017-12-10,Phra Ram 9,2612,PH,Sunday,10,Mid,12,4,0,0,0,0,0,0,0,0,0,0,0,0,0,0,0,0,0,0,0,0,0,0,0,0,0,0,0,0,0,0,0,0
2017-12-11,Phra Ram 9,2802,WD,Monday,11,Mid,12,4,0,0,0,0,0,0,0,0,0,0,0,0,0,0,0,0,0,0,0,0,0,0,0,0,0,0,0,0,0,0,0,0
2017-12-12,Phra Ram 9,5327,WE,Tuesday,12,Mid,12,4,0,0,0,0,0,0,0,0,0,0,0,0,0,0,0,0,0,0,0,0,0,0,0,0,0,0,0,0,0,0,0,0
2017-12-13,Phra Ram 9,5308,WE,Wednesday,13,Mid,12,4,0,0,0,0,0,0,0,0,0,0,0,0,0,0,0,0,0,0,0,0,0,0,0,0,0,0,0,0,0,0,0,0
2017-12-14,Phra Ram 9,5433,WE,Thursday,14,Mid,12,4,0,0,0,0,0,0,0,0,0,0,0,0,0,0,0,0,0,0,0,0,0,0,0,0,0,0,0,0,0,0,0,0
2017-12-15,Phra Ram 9,5853,WE,Friday,15,Mid,12,4,0,0,0,0,0,0,0,0,0,0,0,0,0,0,0,0,0,0,0,0,0,0,0,0,0,0,0,0,0,0,0,0
2017-12-16,Phra Ram 9,3826,PH,Saturday,16,Mid,12,4,0,0,0,0,0,0,0,0,0,0,0,0,0,0,0,0,0,0,0,0,0,0,0,0,0,0,0,0,0,0,0,0
2017-12-17,Phra Ram 9,3049,PH,Sunday,17,Mid,12,4,0,0,0,0,0,0,0,0,0,0,0,0,0,0,0,0,0,0,0,0,0,0,0,0,0,0,0,0,0,0,0,0
2017-12-18,Phra Ram 9,5449,WE,Monday,18,Mid,12,4,0,0,0,0,0,0,0,0,0,0,0,0,0,0,0,0,0,0,0,0,0,0,0,0,0,0,0,0,0,0,0,0
2017-12-19,Phra Ram 9,5468,WE,Tuesday,19,Mid,12,4,0,0,0,0,0,0,0,759,0,0,0,0,0,0,0,0,0,0,0,0,0,0,1,0,0,0,0,0,0,0,759,1
2017-12-20,Phra Ram 9,5716,WE,Wednesday,20,Mid,12,4,0,0,0,0,0,0,0,759,0,0,0,0,0,0,0,0,0,0,0,0,0,0,1,0,0,0,0,0,0,0,759,1
2017-12-21,Phra Ram 9,5579,WE,Thursday,21,Mid,12,4,0,0,0,0,0,0,0,759,0,0,0,0,0,0,0,0,0,0,0,0,0,0,1,0,0,0,0,0,0,0,759,1
2017-12-22,Phra Ram 9,5732,WE,Friday,22,Mid,12,4,0,0,0,0,0,0,0,759,0,0,0,0,0,0,0,0,0,0,0,0,0,0,1,0,0,0,0,0,0,0,759,1
2017-12-23,Phra Ram 9,4243,PH,Saturday,23,Mid,12,4,0,0,0,0,0,0,0,759,0,0,0,0,0,0,0,0,0,0,0,0,0,0,1,0,0,0,0,0,0,0,759,1
2017-12-24,Phra Ram 9,2986,PH,Sunday,24,Mid,12,4,0,0,0,0,0,0,0,759,0,0,0,0,0,0,0,0,0,0,0,0,0,0,1,0,0,0,0,0,0,0,759,1
2017-12-25,Phra Ram 9,5299,WE,Monday,25,Late,12,4,0,0,0,0,0,0,0,759,0,0,0,0,0,0,0,0,0,0,0,0,0,0,1,0,0,0,0,0,0,0,759,1
2017-12-26,Phra Ram 9,5557,WE,Tuesday,26,Late,12,4,0,0,0,0,0,0,0,759,0,0,0,0,0,0,0,0,0,0,0,0,0,0,1,0,0,0,0,0,0,0,759,1
2017-12-27,Phra Ram 9,5035,WE,Wednesday,27,Late,12,4,0,0,0,0,0,0,0,759,0,0,0,0,0,0,0,0,0,0,0,0,0,0,1,0,0,0,0,0,0,0,759,1
2017-12-28,Phra Ram 9,5209,WE,Thursday,28,Late,12,4,0,0,0,0,0,0,0,759,0,0,0,0,0,0,0,0,0,0,0,0,0,0,1,0,0,0,0,0,0,0,759,1
2017-12-29,Phra Ram 9,5032,WE,Friday,29,Late,12,4,0,0,0,0,0,0,0,0,0,0,0,0,0,0,0,0,0,0,0,0,0,0,0,0,0,0,0,0,0,0,0,0
2017-12-30,Phra Ram 9,2843,PH,Saturday,30,Late,12,4,0,0,0,0,0,0,0,0,0,0,0,0,0,0,0,0,0,0,0,0,0,0,0,0,0,0,0,0,0,0,0,0
2017-12-31,Phra Ram 9,2532,PH,Sunday,31,Late,12,4,0,0,0,0,0,0,0,0,0,0,0,0,0,0,0,0,0,0,0,0,0,0,0,0,0,0,0,0,0,0,0,0
